Date,Ticker,Company Name,Region,Sector,Price,Shares,Market Value,Allocation (%)
2025-05-19,AAPL,Apple Inc.,Asia,Technology,191.21,960,183561.6,0.15
2025-05-19,MSFT,Microsoft Corporation,Emerging Markets,Consumer Discretionary,93.43,5291,494338.13,0.41
2025-05-19,AMZN,"Amazon.com, Inc.",North America,Financials,302.79,5834,1766476.86,1.45
2025-05-19,GOOGL,Alphabet Inc.,Asia,Consumer Staples,227.78,4526,1030932.28,0.85
2025-05-19,META,"Meta Platforms, Inc.",North America,Materials,230.38,8422,1940260.36,1.59
2025-05-19,TSLA,"Tesla, Inc.",North America,Financials,15.29,869,13287.01,0.01
2025-05-19,NVDA,NVIDIA Corporation,North America,Consumer Staples,369.18,7049,2602349.82,2.13
2025-05-19,JPM,JPMorgan Chase & Co.,Asia,Consumer Staples,5.41,5151,27866.91,0.02
2025-05-19,BAC,Bank of America Corporation,North America,Consumer Staples,95.19,4655,443109.45,0.36
2025-05-19,WMT,Walmart Inc.,Europe,Utilities,306.16,6496,1988815.36,1.63
2025-05-19,PG,The Procter & Gamble Company,Asia,Technology,218.84,8766,1918351.44,1.57
2025-05-19,XOM,Exxon Mobil Corporation,Emerging Markets,Health Care,309.03,7949,2456479.47,2.02
2025-05-19,CVX,Chevron Corporation,Asia,Energy,28.12,2847,80057.64,0.07
2025-05-19,T,AT&T Inc.,North America,Consumer Discretionary,187.28,289,54123.92,0.04
2025-05-19,VZ,Verizon Communications Inc.,Others,Energy,49.78,3105,154566.9,0.13
2025-05-19,KO,The Coca-Cola Company,North America,Materials,104.03,7834,814971.02,0.67
2025-05-19,PFE,Pfizer Inc.,North America,Energy,496.44,1628,808204.32,0.66
2025-05-19,MRK,"Merck & Co., Inc.",Asia,Technology,27.69,3990,110483.1,0.09
2025-05-19,JNJ,Johnson & Johnson,Emerging Markets,Consumer Staples,342.12,5493,1879265.16,1.54
2025-05-19,UNH,UnitedHealth Group Incorporated,North America,Materials,475.2,8533,4054881.6,3.33
2025-05-19,HD,"The Home Depot, Inc.",North America,Industrials,197.58,7613,1504176.54,1.23
2025-05-19,DIS,The Walt Disney Company,Emerging Markets,Real Estate,53.23,9655,513935.65,0.42
2025-05-19,NFLX,"Netflix, Inc.",Others,Energy,125.12,7199,900738.88,0.74
2025-05-19,ORCL,Oracle Corporation,Asia,Financials,66.13,875,57863.75,0.05
2025-05-19,INTC,Intel Corporation,North America,Consumer Discretionary,21.61,3252,70275.72,0.06
2025-05-19,CSCO,"Cisco Systems, Inc.",Emerging Markets,Financials,134.66,4043,544430.38,0.45
2025-05-19,ADBE,Adobe Inc.,Others,Financials,375.17,1121,420565.57,0.35
2025-05-19,CRM,"Salesforce, Inc.",Europe,Utilities,259.56,3943,1023445.08,0.84
2025-05-19,PYPL,"PayPal Holdings, Inc.",Asia,Energy,93.72,6973,653509.56,0.54
2025-05-19,NKE,"NIKE, Inc.",North America,Energy,225.8,4397,992842.6,0.81
2025-05-19,MCD,McDonald's Corporation,North America,Industrials,447.92,7729,3461973.68,2.84
2025-05-19,COST,Costco Wholesale Corporation,Emerging Markets,Financials,101.62,1116,113407.92,0.09
2025-05-19,SBUX,Starbucks Corporation,Asia,Health Care,478.56,7992,3824651.52,3.14
2025-05-19,BA,The Boeing Company,Asia,Consumer Discretionary,195.2,8629,1684380.8,1.38
2025-05-19,CAT,Caterpillar Inc.,North America,Materials,274.51,4987,1368981.37,1.12
2025-05-19,MMM,3M Company,North America,Consumer Staples,183.33,4959,909133.47,0.75
2025-05-19,GE,General Electric Company,North America,Energy,306.76,8784,2694579.84,2.21
2025-05-19,GM,General Motors Company,Emerging Markets,Technology,73.35,2162,158582.7,0.13
2025-05-19,F,Ford Motor Company,North America,Technology,88.78,8106,719650.68,0.59
2025-05-19,SAP,SAP SE,Emerging Markets,Materials,214.9,2127,457092.3,0.37
2025-05-19,ASML,ASML Holding N.V.,North America,Consumer Discretionary,151.09,5358,809540.22,0.66
2025-05-19,RY,Royal Bank of Canada,Others,Real Estate,101.88,491,50023.08,0.04
2025-05-19,HSBC,HSBC Holdings plc,Others,Energy,365.82,5992,2191993.44,1.8
2025-05-19,BP,BP p.l.c.,North America,Utilities,465.44,6284,2924824.96,2.4
2025-05-19,RDSA,Royal Dutch Shell plc,Europe,Utilities,457.26,8492,3883051.92,3.19
2025-05-19,GSK,GlaxoSmithKline plc,North America,Health Care,316.26,3204,1013297.04,0.83
2025-05-19,UL,Unilever PLC,North America,Consumer Staples,36.93,2554,94319.22,0.08
2025-05-19,NVS,Novartis AG,Asia,Real Estate,331.56,9096,3015869.76,2.47
2025-05-19,RHHBY,Roche Holding AG,Europe,Real Estate,369.27,8254,3047954.58,2.5
2025-05-19,NTT,Nippon Telegraph and Telephone Corporation,Europe,Consumer Discretionary,283.94,8210,2331147.4,1.91
2025-05-19,TCEHY,Tencent Holdings Limited,Others,Health Care,358.04,3940,1410677.6,1.16
2025-05-19,BABA,Alibaba Group Holding Limited,Asia,Financials,356.57,602,214655.14,0.18
2025-05-19,SONY,Sony Group Corporation,Emerging Markets,Financials,392.35,9162,3594710.7,2.95
2025-05-19,TM,Toyota Motor Corporation,North America,Health Care,25.11,306,7683.66,0.01
2025-05-19,SFTBY,SoftBank Group Corp.,Emerging Markets,Materials,212.77,7821,1664074.17,1.37
2025-05-19,RELIANCE,Reliance Industries Limited,Asia,Materials,221.93,7958,1766118.94,1.45
2025-05-19,TCS,Tata Consultancy Services Limited,Europe,Utilities,20.63,2890,59620.7,0.05
2025-05-19,INFY,Infosys Limited,Asia,Consumer Staples,241.53,5216,1259820.48,1.03
2025-05-19,HDFCBANK,HDFC Bank Limited,Others,Technology,256.41,1857,476153.37,0.39
2025-05-19,ICICIBANK,ICICI Bank Limited,Asia,Financials,74.22,6474,480500.28,0.39
2025-05-19,KOTAKBANK,Kotak Mahindra Bank Limited,Asia,Consumer Staples,212.55,3342,710342.1,0.58
2025-05-19,HINDUNILVR,Hindustan Unilever Limited,Emerging Markets,Energy,107.15,6768,725191.2,0.59
2025-05-19,BHARTIARTL,Bharti Airtel Limited,North America,Materials,42.7,3257,139073.9,0.11
2025-05-19,LT,Larsen & Toubro Limited,North America,Technology,438.2,9889,4333359.8,3.55
2025-05-19,SBIN,State Bank of India,Others,Industrials,318.18,2793,888676.74,0.73
2025-05-19,MIZHY,"Mizuho Financial Group, Inc.",Others,Health Care,226.94,3727,845805.38,0.69
2025-05-19,MUFG,"Mitsubishi UFJ Financial Group, Inc.",Asia,Financials,208.34,5550,1156287.0,0.95
2025-05-19,CVS,CVS Health Corporation,Others,Industrials,162.87,5692,927056.04,0.76
2025-05-19,ANTM,"Anthem, Inc.",Emerging Markets,Consumer Staples,160.55,7492,1202840.6,0.99
2025-05-19,CMCSA,Comcast Corporation,Asia,Health Care,141.65,1406,199159.9,0.16
2025-05-19,CSX,CSX Corporation,Europe,Health Care,214.57,5964,1279695.48,1.05
2025-05-19,SPG,"Simon Property Group, Inc.",Asia,Consumer Staples,154.27,9001,1388584.27,1.14
2025-05-19,PLD,"Prologis, Inc.",Others,Real Estate,260.1,4513,1173831.3,0.96
2025-05-19,AMGN,Amgen Inc.,Europe,Technology,114.42,763,87302.46,0.07
2025-05-19,TXN,Texas Instruments Incorporated,North America,Energy,473.71,1595,755567.45,0.62
2025-05-19,QCOM,Qualcomm Incorporated,Others,Industrials,350.42,5332,1868439.44,1.53
2025-05-19,GILD,"Gilead Sciences, Inc.",North America,Consumer Discretionary,36.45,6685,243668.25,0.2
2025-05-19,BMY,Bristol-Myers Squibb Company,Others,Financials,483.66,3681,1780352.46,1.46
2025-05-19,BIIB,Biogen Inc.,North America,Utilities,344.25,7654,2634889.5,2.16
2025-05-19,LLY,Eli Lilly and Company,Emerging Markets,Consumer Staples,153.14,3796,581319.44,0.48
2025-05-19,ABT,Abbott Laboratories,Emerging Markets,Health Care,495.22,798,395185.56,0.32
2025-05-19,MDT,Medtronic plc,Asia,Consumer Staples,307.33,4837,1486555.21,1.22
2025-05-19,EL,The Estée Lauder Companies Inc.,North America,Consumer Staples,207.3,954,197764.2,0.16
2025-05-19,GS,"The Goldman Sachs Group, Inc.",Others,Materials,142.75,7492,1069483.0,0.88
2025-05-19,MS,Morgan Stanley,Others,Consumer Staples,314.02,5349,1679692.98,1.38
2025-05-19,BBY,"Best Buy Co., Inc.",Emerging Markets,Consumer Discretionary,273.17,5891,1609244.47,1.32
2025-05-19,DELL,Dell Technologies Inc.,Emerging Markets,Materials,275.34,5031,1385235.54,1.14
2025-05-19,LRCX,Lam Research Corporation,Others,Energy,45.56,4318,196728.08,0.16
2025-05-19,AMAT,"Applied Materials, Inc.",Europe,Consumer Staples,125.06,4489,561394.34,0.46
2025-05-19,ADI,"Analog Devices, Inc.",Europe,Consumer Discretionary,187.31,3031,567736.61,0.47
2025-05-19,MU,"Micron Technology, Inc.",North America,Energy,493.53,7225,3565754.25,2.93
2025-05-19,SNPS,"Synopsys, Inc.",North America,Consumer Staples,265.13,6387,1693385.31,1.39
2025-05-19,NOW,"ServiceNow, Inc.",North America,Consumer Discretionary,422.51,9439,3988071.89,3.27
2025-05-19,D,"Dominion Energy, Inc.",North America,Technology,255.25,2611,666457.75,0.55
2025-05-19,AEP,"American Electric Power Company, Inc.",North America,Technology,25.48,759,19339.32,0.02
2025-05-19,XEL,Xcel Energy Inc.,Others,Financials,166.1,6646,1103900.6,0.91
2025-05-19,PEG,Public Service Enterprise Group Incorporated,Asia,Industrials,355.68,8438,3001227.84,2.46
2025-05-19,DUKE,Duke Energy Corporation,Asia,Consumer Discretionary,175.3,1834,321500.2,0.26
2025-05-19,SO,The Southern Company,Asia,Real Estate,90.61,3076,278716.36,0.23
2025-05-20,AAPL,Apple Inc.,Asia,Technology,191.2,960,183552.0,0.15
2025-05-20,MSFT,Microsoft Corporation,Emerging Markets,Consumer Discretionary,94.55,5291,500264.05,0.41
2025-05-20,AMZN,"Amazon.com, Inc.",North America,Financials,295.34,5834,1723013.56,1.41
2025-05-20,GOOGL,Alphabet Inc.,Asia,Consumer Staples,223.75,4526,1012692.5,0.83
2025-05-20,META,"Meta Platforms, Inc.",North America,Materials,234.28,8422,1973106.16,1.62
2025-05-20,TSLA,"Tesla, Inc.",North America,Financials,15.46,869,13434.74,0.01
2025-05-20,NVDA,NVIDIA Corporation,North America,Consumer Staples,359.94,7049,2537217.06,2.08
2025-05-20,JPM,JPMorgan Chase & Co.,Asia,Consumer Staples,5.31,5151,27351.81,0.02
2025-05-20,BAC,Bank of America Corporation,North America,Consumer Staples,95.46,4655,444366.3,0.36
2025-05-20,WMT,Walmart Inc.,Europe,Utilities,308.34,6496,2002976.64,1.64
2025-05-20,PG,The Procter & Gamble Company,Asia,Technology,220.07,8766,1929133.62,1.58
2025-05-20,XOM,Exxon Mobil Corporation,Emerging Markets,Health Care,314.44,7949,2499483.56,2.05
2025-05-20,CVX,Chevron Corporation,Asia,Energy,28.16,2847,80171.52,0.07
2025-05-20,T,AT&T Inc.,North America,Consumer Discretionary,189.43,289,54745.27,0.04
2025-05-20,VZ,Verizon Communications Inc.,Others,Energy,49.62,3105,154070.1,0.13
2025-05-20,KO,The Coca-Cola Company,North America,Materials,103.93,7834,814187.62,0.67
2025-05-20,PFE,Pfizer Inc.,North America,Energy,488.78,1628,795733.84,0.65
2025-05-20,MRK,"Merck & Co., Inc.",Asia,Technology,27.8,3990,110922.0,0.09
2025-05-20,JNJ,Johnson & Johnson,Emerging Markets,Consumer Staples,340.85,5493,1872289.05,1.53
2025-05-20,UNH,UnitedHealth Group Incorporated,North America,Materials,473.37,8533,4039266.21,3.31
2025-05-20,HD,"The Home Depot, Inc.",North America,Industrials,194.6,7613,1481489.8,1.21
2025-05-20,DIS,The Walt Disney Company,Emerging Markets,Real Estate,53.06,9655,512294.3,0.42
2025-05-20,NFLX,"Netflix, Inc.",Others,Energy,125.67,7199,904698.33,0.74
2025-05-20,ORCL,Oracle Corporation,Asia,Financials,66.79,875,58441.25,0.05
2025-05-20,INTC,Intel Corporation,North America,Consumer Discretionary,21.91,3252,71251.32,0.06
2025-05-20,CSCO,"Cisco Systems, Inc.",Emerging Markets,Financials,132.67,4043,536384.81,0.44
2025-05-20,ADBE,Adobe Inc.,Others,Financials,380.89,1121,426977.69,0.35
2025-05-20,CRM,"Salesforce, Inc.",Europe,Utilities,270.79,3943,1067724.97,0.88
2025-05-20,PYPL,"PayPal Holdings, Inc.",Asia,Energy,96.58,6973,673452.34,0.55
2025-05-20,NKE,"NIKE, Inc.",North America,Energy,229.84,4397,1010606.48,0.83
2025-05-20,MCD,McDonald's Corporation,North America,Industrials,454.86,7729,3515612.94,2.88
2025-05-20,COST,Costco Wholesale Corporation,Emerging Markets,Financials,102.36,1116,114233.76,0.09
2025-05-20,SBUX,Starbucks Corporation,Asia,Health Care,485.23,7992,3877958.16,3.18
2025-05-20,BA,The Boeing Company,Asia,Consumer Discretionary,198.6,8629,1713719.4,1.4
2025-05-20,CAT,Caterpillar Inc.,North America,Materials,274.96,4987,1371225.52,1.12
2025-05-20,MMM,3M Company,North America,Consumer Staples,179.71,4959,891181.89,0.73
2025-05-20,GE,General Electric Company,North America,Energy,306.1,8784,2688782.4,2.2
2025-05-20,GM,General Motors Company,Emerging Markets,Technology,75.12,2162,162409.44,0.13
2025-05-20,F,Ford Motor Company,North America,Technology,87.22,8106,707005.32,0.58
2025-05-20,SAP,SAP SE,Emerging Markets,Materials,217.02,2127,461601.54,0.38
2025-05-20,ASML,ASML Holding N.V.,North America,Consumer Discretionary,150.95,5358,808790.1,0.66
2025-05-20,RY,Royal Bank of Canada,Others,Real Estate,102.25,491,50204.75,0.04
2025-05-20,HSBC,HSBC Holdings plc,Others,Energy,368.02,5992,2205175.84,1.81
2025-05-20,BP,BP p.l.c.,North America,Utilities,459.43,6284,2887058.12,2.37
2025-05-20,RDSA,Royal Dutch Shell plc,Europe,Utilities,454.71,8492,3861397.32,3.16
2025-05-20,GSK,GlaxoSmithKline plc,North America,Health Care,312.22,3204,1000352.88,0.82
2025-05-20,UL,Unilever PLC,North America,Consumer Staples,36.42,2554,93016.68,0.08
2025-05-20,NVS,Novartis AG,Asia,Real Estate,330.89,9096,3009775.44,2.47
2025-05-20,RHHBY,Roche Holding AG,Europe,Real Estate,370.25,8254,3056043.5,2.5
2025-05-20,NTT,Nippon Telegraph and Telephone Corporation,Europe,Consumer Discretionary,279.55,8210,2295105.5,1.88
2025-05-20,TCEHY,Tencent Holdings Limited,Others,Health Care,363.68,3940,1432899.2,1.17
2025-05-20,BABA,Alibaba Group Holding Limited,Asia,Financials,358.18,602,215624.36,0.18
2025-05-20,SONY,Sony Group Corporation,Emerging Markets,Financials,391.59,9162,3587747.58,2.94
2025-05-20,TM,Toyota Motor Corporation,North America,Health Care,25.0,306,7650.0,0.01
2025-05-20,SFTBY,SoftBank Group Corp.,Emerging Markets,Materials,212.91,7821,1665169.11,1.36
2025-05-20,RELIANCE,Reliance Industries Limited,Asia,Materials,220.15,7958,1751953.7,1.44
2025-05-20,TCS,Tata Consultancy Services Limited,Europe,Utilities,20.83,2890,60198.7,0.05
2025-05-20,INFY,Infosys Limited,Asia,Consumer Staples,241.39,5216,1259090.24,1.03
2025-05-20,HDFCBANK,HDFC Bank Limited,Others,Technology,256.54,1857,476394.78,0.39
2025-05-20,ICICIBANK,ICICI Bank Limited,Asia,Financials,72.33,6474,468264.42,0.38
2025-05-20,KOTAKBANK,Kotak Mahindra Bank Limited,Asia,Consumer Staples,211.03,3342,705262.26,0.58
2025-05-20,HINDUNILVR,Hindustan Unilever Limited,Emerging Markets,Energy,107.49,6768,727492.32,0.6
2025-05-20,BHARTIARTL,Bharti Airtel Limited,North America,Materials,43.84,3257,142786.88,0.12
2025-05-20,LT,Larsen & Toubro Limited,North America,Technology,438.12,9889,4332568.68,3.55
2025-05-20,SBIN,State Bank of India,Others,Industrials,319.75,2793,893061.75,0.73
2025-05-20,MIZHY,"Mizuho Financial Group, Inc.",Others,Health Care,232.12,3727,865111.24,0.71
2025-05-20,MUFG,"Mitsubishi UFJ Financial Group, Inc.",Asia,Financials,207.94,5550,1154067.0,0.95
2025-05-20,CVS,CVS Health Corporation,Others,Industrials,165.85,5692,944018.2,0.77
2025-05-20,ANTM,"Anthem, Inc.",Emerging Markets,Consumer Staples,164.15,7492,1229811.8,1.01
2025-05-20,CMCSA,Comcast Corporation,Asia,Health Care,140.78,1406,197936.68,0.16
2025-05-20,CSX,CSX Corporation,Europe,Health Care,214.02,5964,1276415.28,1.05
2025-05-20,SPG,"Simon Property Group, Inc.",Asia,Consumer Staples,154.53,9001,1390924.53,1.14
2025-05-20,PLD,"Prologis, Inc.",Others,Real Estate,259.86,4513,1172748.18,0.96
2025-05-20,AMGN,Amgen Inc.,Europe,Technology,115.67,763,88256.21,0.07
2025-05-20,TXN,Texas Instruments Incorporated,North America,Energy,461.11,1595,735470.45,0.6
2025-05-20,QCOM,Qualcomm Incorporated,Others,Industrials,344.32,5332,1835914.24,1.5
2025-05-20,GILD,"Gilead Sciences, Inc.",North America,Consumer Discretionary,37.09,6685,247946.65,0.2
2025-05-20,BMY,Bristol-Myers Squibb Company,Others,Financials,478.57,3681,1761616.17,1.44
2025-05-20,BIIB,Biogen Inc.,North America,Utilities,348.63,7654,2668414.02,2.19
2025-05-20,LLY,Eli Lilly and Company,Emerging Markets,Consumer Staples,153.3,3796,581926.8,0.48
2025-05-20,ABT,Abbott Laboratories,Emerging Markets,Health Care,503.79,798,402024.42,0.33
2025-05-20,MDT,Medtronic plc,Asia,Consumer Staples,307.05,4837,1485200.85,1.22
2025-05-20,EL,The Estée Lauder Companies Inc.,North America,Consumer Staples,209.02,954,199405.08,0.16
2025-05-20,GS,"The Goldman Sachs Group, Inc.",Others,Materials,141.01,7492,1056446.92,0.87
2025-05-20,MS,Morgan Stanley,Others,Consumer Staples,308.27,5349,1648936.23,1.35
2025-05-20,BBY,"Best Buy Co., Inc.",Emerging Markets,Consumer Discretionary,270.82,5891,1595400.62,1.31
2025-05-20,DELL,Dell Technologies Inc.,Emerging Markets,Materials,284.65,5031,1432074.15,1.17
2025-05-20,LRCX,Lam Research Corporation,Others,Energy,44.87,4318,193748.66,0.16
2025-05-20,AMAT,"Applied Materials, Inc.",Europe,Consumer Staples,125.18,4489,561933.02,0.46
2025-05-20,ADI,"Analog Devices, Inc.",Europe,Consumer Discretionary,187.66,3031,568797.46,0.47
2025-05-20,MU,"Micron Technology, Inc.",North America,Energy,500.03,7225,3612716.75,2.96
2025-05-20,SNPS,"Synopsys, Inc.",North America,Consumer Staples,272.61,6387,1741160.07,1.43
2025-05-20,NOW,"ServiceNow, Inc.",North America,Consumer Discretionary,420.55,9439,3969571.45,3.25
2025-05-20,D,"Dominion Energy, Inc.",North America,Technology,256.7,2611,670243.7,0.55
2025-05-20,AEP,"American Electric Power Company, Inc.",North America,Technology,25.2,759,19126.8,0.02
2025-05-20,XEL,Xcel Energy Inc.,Others,Financials,163.96,6646,1089678.16,0.89
2025-05-20,PEG,Public Service Enterprise Group Incorporated,Asia,Industrials,355.65,8438,3000974.7,2.46
2025-05-20,DUKE,Duke Energy Corporation,Asia,Consumer Discretionary,179.16,1834,328579.44,0.27
2025-05-20,SO,The Southern Company,Asia,Real Estate,91.1,3076,280223.6,0.23
2025-05-21,AAPL,Apple Inc.,Asia,Technology,190.48,960,182860.8,0.15
2025-05-21,MSFT,Microsoft Corporation,Emerging Markets,Consumer Discretionary,94.67,5291,500898.97,0.41
2025-05-21,AMZN,"Amazon.com, Inc.",North America,Financials,302.68,5834,1765835.12,1.45
2025-05-21,GOOGL,Alphabet Inc.,Asia,Consumer Staples,222.39,4526,1006537.14,0.83
2025-05-21,META,"Meta Platforms, Inc.",North America,Materials,233.0,8422,1962326.0,1.61
2025-05-21,TSLA,"Tesla, Inc.",North America,Financials,15.16,869,13174.04,0.01
2025-05-21,NVDA,NVIDIA Corporation,North America,Consumer Staples,356.07,7049,2509937.43,2.06
2025-05-21,JPM,JPMorgan Chase & Co.,Asia,Consumer Staples,5.45,5151,28072.95,0.02
2025-05-21,BAC,Bank of America Corporation,North America,Consumer Staples,95.63,4655,445157.65,0.37
2025-05-21,WMT,Walmart Inc.,Europe,Utilities,313.5,6496,2036496.0,1.67
2025-05-21,PG,The Procter & Gamble Company,Asia,Technology,222.04,8766,1946402.64,1.6
2025-05-21,XOM,Exxon Mobil Corporation,Emerging Markets,Health Care,305.16,7949,2425716.84,1.99
2025-05-21,CVX,Chevron Corporation,Asia,Energy,27.88,2847,79374.36,0.07
2025-05-21,T,AT&T Inc.,North America,Consumer Discretionary,184.17,289,53225.13,0.04
2025-05-21,VZ,Verizon Communications Inc.,Others,Energy,49.06,3105,152331.3,0.12
2025-05-21,KO,The Coca-Cola Company,North America,Materials,103.4,7834,810035.6,0.66
2025-05-21,PFE,Pfizer Inc.,North America,Energy,498.8,1628,812046.4,0.67
2025-05-21,MRK,"Merck & Co., Inc.",Asia,Technology,27.45,3990,109525.5,0.09
2025-05-21,JNJ,Johnson & Johnson,Emerging Markets,Consumer Staples,344.66,5493,1893217.38,1.55
2025-05-21,UNH,UnitedHealth Group Incorporated,North America,Materials,478.35,8533,4081760.55,3.35
2025-05-21,HD,"The Home Depot, Inc.",North America,Industrials,196.87,7613,1498771.31,1.23
2025-05-21,DIS,The Walt Disney Company,Emerging Markets,Real Estate,53.74,9655,518859.7,0.43
2025-05-21,NFLX,"Netflix, Inc.",Others,Energy,122.94,7199,885045.06,0.73
2025-05-21,ORCL,Oracle Corporation,Asia,Financials,65.91,875,57671.25,0.05
2025-05-21,INTC,Intel Corporation,North America,Consumer Discretionary,21.9,3252,71218.8,0.06
2025-05-21,CSCO,"Cisco Systems, Inc.",Emerging Markets,Financials,129.83,4043,524902.69,0.43
2025-05-21,ADBE,Adobe Inc.,Others,Financials,379.12,1121,424993.52,0.35
2025-05-21,CRM,"Salesforce, Inc.",Europe,Utilities,260.21,3943,1026008.03,0.84
2025-05-21,PYPL,"PayPal Holdings, Inc.",Asia,Energy,97.81,6973,682029.13,0.56
2025-05-21,NKE,"NIKE, Inc.",North America,Energy,226.98,4397,998031.06,0.82
2025-05-21,MCD,McDonald's Corporation,North America,Industrials,448.14,7729,3463674.06,2.84
2025-05-21,COST,Costco Wholesale Corporation,Emerging Markets,Financials,102.41,1116,114289.56,0.09
2025-05-21,SBUX,Starbucks Corporation,Asia,Health Care,479.49,7992,3832084.08,3.14
2025-05-21,BA,The Boeing Company,Asia,Consumer Discretionary,197.2,8629,1701638.8,1.4
2025-05-21,CAT,Caterpillar Inc.,North America,Materials,274.45,4987,1368682.15,1.12
2025-05-21,MMM,3M Company,North America,Consumer Staples,179.65,4959,890884.35,0.73
2025-05-21,GE,General Electric Company,North America,Energy,303.34,8784,2664538.56,2.18
2025-05-21,GM,General Motors Company,Emerging Markets,Technology,74.04,2162,160074.48,0.13
2025-05-21,F,Ford Motor Company,North America,Technology,88.06,8106,713814.36,0.59
2025-05-21,SAP,SAP SE,Emerging Markets,Materials,213.07,2127,453199.89,0.37
2025-05-21,ASML,ASML Holding N.V.,North America,Consumer Discretionary,150.06,5358,804021.48,0.66
2025-05-21,RY,Royal Bank of Canada,Others,Real Estate,102.81,491,50479.71,0.04
2025-05-21,HSBC,HSBC Holdings plc,Others,Energy,364.73,5992,2185462.16,1.79
2025-05-21,BP,BP p.l.c.,North America,Utilities,460.1,6284,2891268.4,2.37
2025-05-21,RDSA,Royal Dutch Shell plc,Europe,Utilities,460.03,8492,3906574.76,3.2
2025-05-21,GSK,GlaxoSmithKline plc,North America,Health Care,310.27,3204,994105.08,0.82
2025-05-21,UL,Unilever PLC,North America,Consumer Staples,35.97,2554,91867.38,0.08
2025-05-21,NVS,Novartis AG,Asia,Real Estate,334.2,9096,3039883.2,2.49
2025-05-21,RHHBY,Roche Holding AG,Europe,Real Estate,363.24,8254,2998182.96,2.46
2025-05-21,NTT,Nippon Telegraph and Telephone Corporation,Europe,Consumer Discretionary,279.04,8210,2290918.4,1.88
2025-05-21,TCEHY,Tencent Holdings Limited,Others,Health Care,356.9,3940,1406186.0,1.15
2025-05-21,BABA,Alibaba Group Holding Limited,Asia,Financials,356.25,602,214462.5,0.18
2025-05-21,SONY,Sony Group Corporation,Emerging Markets,Financials,393.31,9162,3603506.22,2.95
2025-05-21,TM,Toyota Motor Corporation,North America,Health Care,24.64,306,7539.84,0.01
2025-05-21,SFTBY,SoftBank Group Corp.,Emerging Markets,Materials,215.23,7821,1683313.83,1.38
2025-05-21,RELIANCE,Reliance Industries Limited,Asia,Materials,221.57,7958,1763254.06,1.45
2025-05-21,TCS,Tata Consultancy Services Limited,Europe,Utilities,20.91,2890,60429.9,0.05
2025-05-21,INFY,Infosys Limited,Asia,Consumer Staples,236.15,5216,1231758.4,1.01
2025-05-21,HDFCBANK,HDFC Bank Limited,Others,Technology,257.1,1857,477434.7,0.39
2025-05-21,ICICIBANK,ICICI Bank Limited,Asia,Financials,74.74,6474,483866.76,0.4
2025-05-21,KOTAKBANK,Kotak Mahindra Bank Limited,Asia,Consumer Staples,207.5,3342,693465.0,0.57
2025-05-21,HINDUNILVR,Hindustan Unilever Limited,Emerging Markets,Energy,104.29,6768,705834.72,0.58
2025-05-21,BHARTIARTL,Bharti Airtel Limited,North America,Materials,43.06,3257,140246.42,0.12
2025-05-21,LT,Larsen & Toubro Limited,North America,Technology,447.56,9889,4425920.84,3.63
2025-05-21,SBIN,State Bank of India,Others,Industrials,316.57,2793,884180.01,0.73
2025-05-21,MIZHY,"Mizuho Financial Group, Inc.",Others,Health Care,234.3,3727,873236.1,0.72
2025-05-21,MUFG,"Mitsubishi UFJ Financial Group, Inc.",Asia,Financials,211.72,5550,1175046.0,0.96
2025-05-21,CVS,CVS Health Corporation,Others,Industrials,167.59,5692,953922.28,0.78
2025-05-21,ANTM,"Anthem, Inc.",Emerging Markets,Consumer Staples,162.77,7492,1219472.84,1.0
2025-05-21,CMCSA,Comcast Corporation,Asia,Health Care,139.03,1406,195476.18,0.16
2025-05-21,CSX,CSX Corporation,Europe,Health Care,219.97,5964,1311901.08,1.08
2025-05-21,SPG,"Simon Property Group, Inc.",Asia,Consumer Staples,156.22,9001,1406136.22,1.15
2025-05-21,PLD,"Prologis, Inc.",Others,Real Estate,258.25,4513,1165482.25,0.96
2025-05-21,AMGN,Amgen Inc.,Europe,Technology,115.87,763,88408.81,0.07
2025-05-21,TXN,Texas Instruments Incorporated,North America,Energy,476.1,1595,759379.5,0.62
2025-05-21,QCOM,Qualcomm Incorporated,Others,Industrials,355.86,5332,1897445.52,1.56
2025-05-21,GILD,"Gilead Sciences, Inc.",North America,Consumer Discretionary,36.62,6685,244804.7,0.2
2025-05-21,BMY,Bristol-Myers Squibb Company,Others,Financials,478.34,3681,1760769.54,1.44
2025-05-21,BIIB,Biogen Inc.,North America,Utilities,347.37,7654,2658769.98,2.18
2025-05-21,LLY,Eli Lilly and Company,Emerging Markets,Consumer Staples,152.73,3796,579763.08,0.48
2025-05-21,ABT,Abbott Laboratories,Emerging Markets,Health Care,494.53,798,394634.94,0.32
2025-05-21,MDT,Medtronic plc,Asia,Consumer Staples,304.67,4837,1473688.79,1.21
2025-05-21,EL,The Estée Lauder Companies Inc.,North America,Consumer Staples,209.16,954,199538.64,0.16
2025-05-21,GS,"The Goldman Sachs Group, Inc.",Others,Materials,143.64,7492,1076150.88,0.88
2025-05-21,MS,Morgan Stanley,Others,Consumer Staples,318.99,5349,1706277.51,1.4
2025-05-21,BBY,"Best Buy Co., Inc.",Emerging Markets,Consumer Discretionary,266.67,5891,1570952.97,1.29
2025-05-21,DELL,Dell Technologies Inc.,Emerging Markets,Materials,282.23,5031,1419899.13,1.16
2025-05-21,LRCX,Lam Research Corporation,Others,Energy,44.98,4318,194223.64,0.16
2025-05-21,AMAT,"Applied Materials, Inc.",Europe,Consumer Staples,126.04,4489,565793.56,0.46
2025-05-21,ADI,"Analog Devices, Inc.",Europe,Consumer Discretionary,185.99,3031,563735.69,0.46
2025-05-21,MU,"Micron Technology, Inc.",North America,Energy,493.82,7225,3567849.5,2.93
2025-05-21,SNPS,"Synopsys, Inc.",North America,Consumer Staples,273.84,6387,1749016.08,1.43
2025-05-21,NOW,"ServiceNow, Inc.",North America,Consumer Discretionary,407.55,9439,3846864.45,3.15
2025-05-21,D,"Dominion Energy, Inc.",North America,Technology,254.88,2611,665491.68,0.55
2025-05-21,AEP,"American Electric Power Company, Inc.",North America,Technology,25.33,759,19225.47,0.02
2025-05-21,XEL,Xcel Energy Inc.,Others,Financials,168.37,6646,1118987.02,0.92
2025-05-21,PEG,Public Service Enterprise Group Incorporated,Asia,Industrials,357.75,8438,3018694.5,2.48
2025-05-21,DUKE,Duke Energy Corporation,Asia,Consumer Discretionary,177.68,1834,325865.12,0.27
2025-05-21,SO,The Southern Company,Asia,Real Estate,92.78,3076,285391.28,0.23
2025-05-22,AAPL,Apple Inc.,Asia,Technology,192.83,960,185116.8,0.15
2025-05-22,MSFT,Microsoft Corporation,Emerging Markets,Consumer Discretionary,94.97,5291,502486.27,0.41
2025-05-22,AMZN,"Amazon.com, Inc.",North America,Financials,301.69,5834,1760059.46,1.44
2025-05-22,GOOGL,Alphabet Inc.,Asia,Consumer Staples,226.5,4526,1025139.0,0.84
2025-05-22,META,"Meta Platforms, Inc.",North America,Materials,236.32,8422,1990287.04,1.63
2025-05-22,TSLA,"Tesla, Inc.",North America,Financials,15.32,869,13313.08,0.01
2025-05-22,NVDA,NVIDIA Corporation,North America,Consumer Staples,362.01,7049,2551808.49,2.09
2025-05-22,JPM,JPMorgan Chase & Co.,Asia,Consumer Staples,5.4,5151,27815.4,0.02
2025-05-22,BAC,Bank of America Corporation,North America,Consumer Staples,93.99,4655,437523.45,0.36
2025-05-22,WMT,Walmart Inc.,Europe,Utilities,310.75,6496,2018632.0,1.65
2025-05-22,PG,The Procter & Gamble Company,Asia,Technology,220.22,8766,1930448.52,1.58
2025-05-22,XOM,Exxon Mobil Corporation,Emerging Markets,Health Care,311.6,7949,2476908.4,2.03
2025-05-22,CVX,Chevron Corporation,Asia,Energy,28.06,2847,79886.82,0.07
2025-05-22,T,AT&T Inc.,North America,Consumer Discretionary,186.59,289,53924.51,0.04
2025-05-22,VZ,Verizon Communications Inc.,Others,Energy,49.61,3105,154039.05,0.13
2025-05-22,KO,The Coca-Cola Company,North America,Materials,102.65,7834,804160.1,0.66
2025-05-22,PFE,Pfizer Inc.,North America,Energy,488.74,1628,795668.72,0.65
2025-05-22,MRK,"Merck & Co., Inc.",Asia,Technology,27.48,3990,109645.2,0.09
2025-05-22,JNJ,Johnson & Johnson,Emerging Markets,Consumer Staples,344.88,5493,1894425.84,1.55
2025-05-22,UNH,UnitedHealth Group Incorporated,North America,Materials,464.38,8533,3962554.54,3.25
2025-05-22,HD,"The Home Depot, Inc.",North America,Industrials,199.76,7613,1520772.88,1.25
2025-05-22,DIS,The Walt Disney Company,Emerging Markets,Real Estate,52.41,9655,506018.55,0.41
2025-05-22,NFLX,"Netflix, Inc.",Others,Energy,126.17,7199,908297.83,0.74
2025-05-22,ORCL,Oracle Corporation,Asia,Financials,64.82,875,56717.5,0.05
2025-05-22,INTC,Intel Corporation,North America,Consumer Discretionary,22.14,3252,71999.28,0.06
2025-05-22,CSCO,"Cisco Systems, Inc.",Emerging Markets,Financials,132.1,4043,534080.3,0.44
2025-05-22,ADBE,Adobe Inc.,Others,Financials,385.24,1121,431854.04,0.35
2025-05-22,CRM,"Salesforce, Inc.",Europe,Utilities,262.54,3943,1035195.22,0.85
2025-05-22,PYPL,"PayPal Holdings, Inc.",Asia,Energy,97.54,6973,680146.42,0.56
2025-05-22,NKE,"NIKE, Inc.",North America,Energy,227.8,4397,1001636.6,0.82
2025-05-22,MCD,McDonald's Corporation,North America,Industrials,449.52,7729,3474340.08,2.85
2025-05-22,COST,Costco Wholesale Corporation,Emerging Markets,Financials,102.64,1116,114546.24,0.09
2025-05-22,SBUX,Starbucks Corporation,Asia,Health Care,478.24,7992,3822094.08,3.13
2025-05-22,BA,The Boeing Company,Asia,Consumer Discretionary,194.87,8629,1681533.23,1.38
2025-05-22,CAT,Caterpillar Inc.,North America,Materials,268.61,4987,1339558.07,1.1
2025-05-22,MMM,3M Company,North America,Consumer Staples,181.68,4959,900951.12,0.74
2025-05-22,GE,General Electric Company,North America,Energy,303.99,8784,2670248.16,2.19
2025-05-22,GM,General Motors Company,Emerging Markets,Technology,73.16,2162,158171.92,0.13
2025-05-22,F,Ford Motor Company,North America,Technology,87.26,8106,707329.56,0.58
2025-05-22,SAP,SAP SE,Emerging Markets,Materials,211.97,2127,450860.19,0.37
2025-05-22,ASML,ASML Holding N.V.,North America,Consumer Discretionary,148.54,5358,795877.32,0.65
2025-05-22,RY,Royal Bank of Canada,Others,Real Estate,103.39,491,50764.49,0.04
2025-05-22,HSBC,HSBC Holdings plc,Others,Energy,362.57,5992,2172519.44,1.78
2025-05-22,BP,BP p.l.c.,North America,Utilities,464.09,6284,2916341.56,2.39
2025-05-22,RDSA,Royal Dutch Shell plc,Europe,Utilities,466.95,8492,3965339.4,3.25
2025-05-22,GSK,GlaxoSmithKline plc,North America,Health Care,312.34,3204,1000737.36,0.82
2025-05-22,UL,Unilever PLC,North America,Consumer Staples,36.07,2554,92122.78,0.08
2025-05-22,NVS,Novartis AG,Asia,Real Estate,336.69,9096,3062532.24,2.51
2025-05-22,RHHBY,Roche Holding AG,Europe,Real Estate,363.32,8254,2998843.28,2.46
2025-05-22,NTT,Nippon Telegraph and Telephone Corporation,Europe,Consumer Discretionary,282.89,8210,2322526.9,1.9
2025-05-22,TCEHY,Tencent Holdings Limited,Others,Health Care,359.19,3940,1415208.6,1.16
2025-05-22,BABA,Alibaba Group Holding Limited,Asia,Financials,362.13,602,218002.26,0.18
2025-05-22,SONY,Sony Group Corporation,Emerging Markets,Financials,386.85,9162,3544319.7,2.9
2025-05-22,TM,Toyota Motor Corporation,North America,Health Care,25.06,306,7668.36,0.01
2025-05-22,SFTBY,SoftBank Group Corp.,Emerging Markets,Materials,220.09,7821,1721323.89,1.41
2025-05-22,RELIANCE,Reliance Industries Limited,Asia,Materials,221.91,7958,1765959.78,1.45
2025-05-22,TCS,Tata Consultancy Services Limited,Europe,Utilities,20.59,2890,59505.1,0.05
2025-05-22,INFY,Infosys Limited,Asia,Consumer Staples,242.39,5216,1264306.24,1.04
2025-05-22,HDFCBANK,HDFC Bank Limited,Others,Technology,257.95,1857,479013.15,0.39
2025-05-22,ICICIBANK,ICICI Bank Limited,Asia,Financials,73.71,6474,477198.54,0.39
2025-05-22,KOTAKBANK,Kotak Mahindra Bank Limited,Asia,Consumer Staples,210.02,3342,701886.84,0.57
2025-05-22,HINDUNILVR,Hindustan Unilever Limited,Emerging Markets,Energy,104.6,6768,707932.8,0.58
2025-05-22,BHARTIARTL,Bharti Airtel Limited,North America,Materials,43.01,3257,140083.57,0.11
2025-05-22,LT,Larsen & Toubro Limited,North America,Technology,437.43,9889,4325745.27,3.54
2025-05-22,SBIN,State Bank of India,Others,Industrials,320.37,2793,894793.41,0.73
2025-05-22,MIZHY,"Mizuho Financial Group, Inc.",Others,Health Care,233.73,3727,871111.71,0.71
2025-05-22,MUFG,"Mitsubishi UFJ Financial Group, Inc.",Asia,Financials,211.64,5550,1174602.0,0.96
2025-05-22,CVS,CVS Health Corporation,Others,Industrials,165.67,5692,942993.64,0.77
2025-05-22,ANTM,"Anthem, Inc.",Emerging Markets,Consumer Staples,160.99,7492,1206137.08,0.99
2025-05-22,CMCSA,Comcast Corporation,Asia,Health Care,138.73,1406,195054.38,0.16
2025-05-22,CSX,CSX Corporation,Europe,Health Care,213.84,5964,1275341.76,1.04
2025-05-22,SPG,"Simon Property Group, Inc.",Asia,Consumer Staples,152.48,9001,1372472.48,1.12
2025-05-22,PLD,"Prologis, Inc.",Others,Real Estate,256.81,4513,1158983.53,0.95
2025-05-22,AMGN,Amgen Inc.,Europe,Technology,114.6,763,87439.8,0.07
2025-05-22,TXN,Texas Instruments Incorporated,North America,Energy,481.99,1595,768774.05,0.63
2025-05-22,QCOM,Qualcomm Incorporated,Others,Industrials,358.51,5332,1911575.32,1.57
2025-05-22,GILD,"Gilead Sciences, Inc.",North America,Consumer Discretionary,37.33,6685,249551.05,0.2
2025-05-22,BMY,Bristol-Myers Squibb Company,Others,Financials,491.44,3681,1808990.64,1.48
2025-05-22,BIIB,Biogen Inc.,North America,Utilities,354.53,7654,2713572.62,2.22
2025-05-22,LLY,Eli Lilly and Company,Emerging Markets,Consumer Staples,150.84,3796,572588.64,0.47
2025-05-22,ABT,Abbott Laboratories,Emerging Markets,Health Care,504.21,798,402359.58,0.33
2025-05-22,MDT,Medtronic plc,Asia,Consumer Staples,308.91,4837,1494197.67,1.22
2025-05-22,EL,The Estée Lauder Companies Inc.,North America,Consumer Staples,207.86,954,198298.44,0.16
2025-05-22,GS,"The Goldman Sachs Group, Inc.",Others,Materials,140.91,7492,1055697.72,0.86
2025-05-22,MS,Morgan Stanley,Others,Consumer Staples,320.9,5349,1716494.1,1.41
2025-05-22,BBY,"Best Buy Co., Inc.",Emerging Markets,Consumer Discretionary,262.24,5891,1544855.84,1.27
2025-05-22,DELL,Dell Technologies Inc.,Emerging Markets,Materials,278.62,5031,1401737.22,1.15
2025-05-22,LRCX,Lam Research Corporation,Others,Energy,44.74,4318,193187.32,0.16
2025-05-22,AMAT,"Applied Materials, Inc.",Europe,Consumer Staples,123.3,4489,553493.7,0.45
2025-05-22,ADI,"Analog Devices, Inc.",Europe,Consumer Discretionary,189.27,3031,573677.37,0.47
2025-05-22,MU,"Micron Technology, Inc.",North America,Energy,491.59,7225,3551737.75,2.91
2025-05-22,SNPS,"Synopsys, Inc.",North America,Consumer Staples,270.68,6387,1728833.16,1.42
2025-05-22,NOW,"ServiceNow, Inc.",North America,Consumer Discretionary,422.27,9439,3985806.53,3.26
2025-05-22,D,"Dominion Energy, Inc.",North America,Technology,256.54,2611,669825.94,0.55
2025-05-22,AEP,"American Electric Power Company, Inc.",North America,Technology,25.29,759,19195.11,0.02
2025-05-22,XEL,Xcel Energy Inc.,Others,Financials,167.71,6646,1114600.66,0.91
2025-05-22,PEG,Public Service Enterprise Group Incorporated,Asia,Industrials,359.04,8438,3029579.52,2.48
2025-05-22,DUKE,Duke Energy Corporation,Asia,Consumer Discretionary,178.1,1834,326635.4,0.27
2025-05-22,SO,The Southern Company,Asia,Real Estate,92.94,3076,285883.44,0.23
2025-05-23,AAPL,Apple Inc.,Asia,Technology,192.76,960,185049.6,0.15
2025-05-23,MSFT,Microsoft Corporation,Emerging Markets,Consumer Discretionary,95.72,5291,506454.52,0.42
2025-05-23,AMZN,"Amazon.com, Inc.",North America,Financials,298.6,5834,1742032.4,1.43
2025-05-23,GOOGL,Alphabet Inc.,Asia,Consumer Staples,227.13,4526,1027990.38,0.84
2025-05-23,META,"Meta Platforms, Inc.",North America,Materials,232.83,8422,1960894.26,1.61
2025-05-23,TSLA,"Tesla, Inc.",North America,Financials,15.45,869,13426.05,0.01
2025-05-23,NVDA,NVIDIA Corporation,North America,Consumer Staples,365.97,7049,2579722.53,2.11
2025-05-23,JPM,JPMorgan Chase & Co.,Asia,Consumer Staples,5.43,5151,27969.93,0.02
2025-05-23,BAC,Bank of America Corporation,North America,Consumer Staples,95.8,4655,445949.0,0.37
2025-05-23,WMT,Walmart Inc.,Europe,Utilities,305.07,6496,1981734.72,1.62
2025-05-23,PG,The Procter & Gamble Company,Asia,Technology,218.38,8766,1914319.08,1.57
2025-05-23,XOM,Exxon Mobil Corporation,Emerging Markets,Health Care,309.34,7949,2458943.66,2.02
2025-05-23,CVX,Chevron Corporation,Asia,Energy,27.61,2847,78605.67,0.06
2025-05-23,T,AT&T Inc.,North America,Consumer Discretionary,188.66,289,54522.74,0.04
2025-05-23,VZ,Verizon Communications Inc.,Others,Energy,50.88,3105,157982.4,0.13
2025-05-23,KO,The Coca-Cola Company,North America,Materials,101.82,7834,797657.88,0.65
2025-05-23,PFE,Pfizer Inc.,North America,Energy,484.82,1628,789286.96,0.65
2025-05-23,MRK,"Merck & Co., Inc.",Asia,Technology,28.05,3990,111919.5,0.09
2025-05-23,JNJ,Johnson & Johnson,Emerging Markets,Consumer Staples,339.76,5493,1866301.68,1.53
2025-05-23,UNH,UnitedHealth Group Incorporated,North America,Materials,475.94,8533,4061196.02,3.33
2025-05-23,HD,"The Home Depot, Inc.",North America,Industrials,195.64,7613,1489407.32,1.22
2025-05-23,DIS,The Walt Disney Company,Emerging Markets,Real Estate,52.8,9655,509784.0,0.42
2025-05-23,NFLX,"Netflix, Inc.",Others,Energy,125.91,7199,906426.09,0.74
2025-05-23,ORCL,Oracle Corporation,Asia,Financials,65.71,875,57496.25,0.05
2025-05-23,INTC,Intel Corporation,North America,Consumer Discretionary,21.9,3252,71218.8,0.06
2025-05-23,CSCO,"Cisco Systems, Inc.",Emerging Markets,Financials,135.1,4043,546209.3,0.45
2025-05-23,ADBE,Adobe Inc.,Others,Financials,376.97,1121,422583.37,0.35
2025-05-23,CRM,"Salesforce, Inc.",Europe,Utilities,259.17,3943,1021907.31,0.84
2025-05-23,PYPL,"PayPal Holdings, Inc.",Asia,Energy,96.68,6973,674149.64,0.55
2025-05-23,NKE,"NIKE, Inc.",North America,Energy,228.43,4397,1004406.71,0.82
2025-05-23,MCD,McDonald's Corporation,North America,Industrials,450.32,7729,3480523.28,2.85
2025-05-23,COST,Costco Wholesale Corporation,Emerging Markets,Financials,102.72,1116,114635.52,0.09
2025-05-23,SBUX,Starbucks Corporation,Asia,Health Care,483.26,7992,3862213.92,3.17
2025-05-23,BA,The Boeing Company,Asia,Consumer Discretionary,198.34,8629,1711475.86,1.4
2025-05-23,CAT,Caterpillar Inc.,North America,Materials,270.59,4987,1349432.33,1.11
2025-05-23,MMM,3M Company,North America,Consumer Staples,180.35,4959,894355.65,0.73
2025-05-23,GE,General Electric Company,North America,Energy,307.75,8784,2703276.0,2.22
2025-05-23,GM,General Motors Company,Emerging Markets,Technology,74.94,2162,162020.28,0.13
2025-05-23,F,Ford Motor Company,North America,Technology,87.52,8106,709437.12,0.58
2025-05-23,SAP,SAP SE,Emerging Markets,Materials,210.92,2127,448626.84,0.37
2025-05-23,ASML,ASML Holding N.V.,North America,Consumer Discretionary,149.53,5358,801181.74,0.66
2025-05-23,RY,Royal Bank of Canada,Others,Real Estate,105.4,491,51751.4,0.04
2025-05-23,HSBC,HSBC Holdings plc,Others,Energy,367.88,5992,2204336.96,1.81
2025-05-23,BP,BP p.l.c.,North America,Utilities,464.89,6284,2921368.76,2.39
2025-05-23,RDSA,Royal Dutch Shell plc,Europe,Utilities,461.15,8492,3916085.8,3.21
2025-05-23,GSK,GlaxoSmithKline plc,North America,Health Care,320.45,3204,1026721.8,0.84
2025-05-23,UL,Unilever PLC,North America,Consumer Staples,37.19,2554,94983.26,0.08
2025-05-23,NVS,Novartis AG,Asia,Real Estate,330.77,9096,3008683.92,2.47
2025-05-23,RHHBY,Roche Holding AG,Europe,Real Estate,361.73,8254,2985719.42,2.45
2025-05-23,NTT,Nippon Telegraph and Telephone Corporation,Europe,Consumer Discretionary,278.26,8210,2284514.6,1.87
2025-05-23,TCEHY,Tencent Holdings Limited,Others,Health Care,355.38,3940,1400197.2,1.15
2025-05-23,BABA,Alibaba Group Holding Limited,Asia,Financials,362.46,602,218200.92,0.18
2025-05-23,SONY,Sony Group Corporation,Emerging Markets,Financials,387.57,9162,3550916.34,2.91
2025-05-23,TM,Toyota Motor Corporation,North America,Health Care,24.63,306,7536.78,0.01
2025-05-23,SFTBY,SoftBank Group Corp.,Emerging Markets,Materials,212.58,7821,1662588.18,1.36
2025-05-23,RELIANCE,Reliance Industries Limited,Asia,Materials,220.77,7958,1756887.66,1.44
2025-05-23,TCS,Tata Consultancy Services Limited,Europe,Utilities,20.75,2890,59967.5,0.05
2025-05-23,INFY,Infosys Limited,Asia,Consumer Staples,242.93,5216,1267122.88,1.04
2025-05-23,HDFCBANK,HDFC Bank Limited,Others,Technology,261.12,1857,484899.84,0.4
2025-05-23,ICICIBANK,ICICI Bank Limited,Asia,Financials,73.95,6474,478752.3,0.39
2025-05-23,KOTAKBANK,Kotak Mahindra Bank Limited,Asia,Consumer Staples,209.86,3342,701352.12,0.57
2025-05-23,HINDUNILVR,Hindustan Unilever Limited,Emerging Markets,Energy,106.59,6768,721401.12,0.59
2025-05-23,BHARTIARTL,Bharti Airtel Limited,North America,Materials,42.9,3257,139725.3,0.11
2025-05-23,LT,Larsen & Toubro Limited,North America,Technology,442.54,9889,4376278.06,3.59
2025-05-23,SBIN,State Bank of India,Others,Industrials,320.63,2793,895519.59,0.73
2025-05-23,MIZHY,"Mizuho Financial Group, Inc.",Others,Health Care,228.88,3727,853035.76,0.7
2025-05-23,MUFG,"Mitsubishi UFJ Financial Group, Inc.",Asia,Financials,214.64,5550,1191252.0,0.98
2025-05-23,CVS,CVS Health Corporation,Others,Industrials,165.49,5692,941969.08,0.77
2025-05-23,ANTM,"Anthem, Inc.",Emerging Markets,Consumer Staples,162.55,7492,1217824.6,1.0
2025-05-23,CMCSA,Comcast Corporation,Asia,Health Care,138.39,1406,194576.34,0.16
2025-05-23,CSX,CSX Corporation,Europe,Health Care,214.73,5964,1280649.72,1.05
2025-05-23,SPG,"Simon Property Group, Inc.",Asia,Consumer Staples,152.45,9001,1372202.45,1.12
2025-05-23,PLD,"Prologis, Inc.",Others,Real Estate,257.96,4513,1164173.48,0.95
2025-05-23,AMGN,Amgen Inc.,Europe,Technology,117.82,763,89896.66,0.07
2025-05-23,TXN,Texas Instruments Incorporated,North America,Energy,466.93,1595,744753.35,0.61
2025-05-23,QCOM,Qualcomm Incorporated,Others,Industrials,363.5,5332,1938182.0,1.59
2025-05-23,GILD,"Gilead Sciences, Inc.",North America,Consumer Discretionary,37.64,6685,251623.4,0.21
2025-05-23,BMY,Bristol-Myers Squibb Company,Others,Financials,479.13,3681,1763677.53,1.45
2025-05-23,BIIB,Biogen Inc.,North America,Utilities,349.77,7654,2677139.58,2.19
2025-05-23,LLY,Eli Lilly and Company,Emerging Markets,Consumer Staples,153.72,3796,583521.12,0.48
2025-05-23,ABT,Abbott Laboratories,Emerging Markets,Health Care,507.39,798,404897.22,0.33
2025-05-23,MDT,Medtronic plc,Asia,Consumer Staples,308.32,4837,1491343.84,1.22
2025-05-23,EL,The Estée Lauder Companies Inc.,North America,Consumer Staples,210.92,954,201217.68,0.16
2025-05-23,GS,"The Goldman Sachs Group, Inc.",Others,Materials,143.44,7492,1074652.48,0.88
2025-05-23,MS,Morgan Stanley,Others,Consumer Staples,318.64,5349,1704405.36,1.4
2025-05-23,BBY,"Best Buy Co., Inc.",Emerging Markets,Consumer Discretionary,268.68,5891,1582793.88,1.3
2025-05-23,DELL,Dell Technologies Inc.,Emerging Markets,Materials,277.55,5031,1396354.05,1.14
2025-05-23,LRCX,Lam Research Corporation,Others,Energy,44.37,4318,191589.66,0.16
2025-05-23,AMAT,"Applied Materials, Inc.",Europe,Consumer Staples,125.89,4489,565120.21,0.46
2025-05-23,ADI,"Analog Devices, Inc.",Europe,Consumer Discretionary,184.24,3031,558431.44,0.46
2025-05-23,MU,"Micron Technology, Inc.",North America,Energy,490.47,7225,3543645.75,2.9
2025-05-23,SNPS,"Synopsys, Inc.",North America,Consumer Staples,269.02,6387,1718230.74,1.41
2025-05-23,NOW,"ServiceNow, Inc.",North America,Consumer Discretionary,421.16,9439,3975329.24,3.26
2025-05-23,D,"Dominion Energy, Inc.",North America,Technology,260.57,2611,680348.27,0.56
2025-05-23,AEP,"American Electric Power Company, Inc.",North America,Technology,25.48,759,19339.32,0.02
2025-05-23,XEL,Xcel Energy Inc.,Others,Financials,167.47,6646,1113005.62,0.91
2025-05-23,PEG,Public Service Enterprise Group Incorporated,Asia,Industrials,354.77,8438,2993549.26,2.45
2025-05-23,DUKE,Duke Energy Corporation,Asia,Consumer Discretionary,177.26,1834,325094.84,0.27
2025-05-23,SO,The Southern Company,Asia,Real Estate,91.01,3076,279946.76,0.23
2025-05-24,AAPL,Apple Inc.,Asia,Technology,189.5,960,181920.0,0.15
2025-05-24,MSFT,Microsoft Corporation,Emerging Markets,Consumer Discretionary,95.41,5291,504814.31,0.41
2025-05-24,AMZN,"Amazon.com, Inc.",North America,Financials,300.05,5834,1750491.7,1.44
2025-05-24,GOOGL,Alphabet Inc.,Asia,Consumer Staples,224.62,4526,1016630.12,0.83
2025-05-24,META,"Meta Platforms, Inc.",North America,Materials,234.54,8422,1975295.88,1.62
2025-05-24,TSLA,"Tesla, Inc.",North America,Financials,15.03,869,13061.07,0.01
2025-05-24,NVDA,NVIDIA Corporation,North America,Consumer Staples,359.75,7049,2535877.75,2.08
2025-05-24,JPM,JPMorgan Chase & Co.,Asia,Consumer Staples,5.3,5151,27300.3,0.02
2025-05-24,BAC,Bank of America Corporation,North America,Consumer Staples,97.15,4655,452233.25,0.37
2025-05-24,WMT,Walmart Inc.,Europe,Utilities,305.32,6496,1983358.72,1.63
2025-05-24,PG,The Procter & Gamble Company,Asia,Technology,220.26,8766,1930799.16,1.58
2025-05-24,XOM,Exxon Mobil Corporation,Emerging Markets,Health Care,309.33,7949,2458864.17,2.02
2025-05-24,CVX,Chevron Corporation,Asia,Energy,28.47,2847,81054.09,0.07
2025-05-24,T,AT&T Inc.,North America,Consumer Discretionary,185.96,289,53742.44,0.04
2025-05-24,VZ,Verizon Communications Inc.,Others,Energy,49.38,3105,153324.9,0.13
2025-05-24,KO,The Coca-Cola Company,North America,Materials,102.22,7834,800791.48,0.66
2025-05-24,PFE,Pfizer Inc.,North America,Energy,478.01,1628,778200.28,0.64
2025-05-24,MRK,"Merck & Co., Inc.",Asia,Technology,28.04,3990,111879.6,0.09
2025-05-24,JNJ,Johnson & Johnson,Emerging Markets,Consumer Staples,344.4,5493,1891789.2,1.55
2025-05-24,UNH,UnitedHealth Group Incorporated,North America,Materials,476.94,8533,4069729.02,3.34
2025-05-24,HD,"The Home Depot, Inc.",North America,Industrials,192.79,7613,1467710.27,1.2
2025-05-24,DIS,The Walt Disney Company,Emerging Markets,Real Estate,53.9,9655,520404.5,0.43
2025-05-24,NFLX,"Netflix, Inc.",Others,Energy,123.44,7199,888644.56,0.73
2025-05-24,ORCL,Oracle Corporation,Asia,Financials,64.82,875,56717.5,0.05
2025-05-24,INTC,Intel Corporation,North America,Consumer Discretionary,21.86,3252,71088.72,0.06
2025-05-24,CSCO,"Cisco Systems, Inc.",Emerging Markets,Financials,133.2,4043,538527.6,0.44
2025-05-24,ADBE,Adobe Inc.,Others,Financials,373.27,1121,418435.67,0.34
2025-05-24,CRM,"Salesforce, Inc.",Europe,Utilities,262.33,3943,1034367.19,0.85
2025-05-24,PYPL,"PayPal Holdings, Inc.",Asia,Energy,96.91,6973,675753.43,0.55
2025-05-24,NKE,"NIKE, Inc.",North America,Energy,230.15,4397,1011969.55,0.83
2025-05-24,MCD,McDonald's Corporation,North America,Industrials,448.73,7729,3468234.17,2.84
2025-05-24,COST,Costco Wholesale Corporation,Emerging Markets,Financials,100.64,1116,112314.24,0.09
2025-05-24,SBUX,Starbucks Corporation,Asia,Health Care,481.5,7992,3848148.0,3.15
2025-05-24,BA,The Boeing Company,Asia,Consumer Discretionary,195.31,8629,1685329.99,1.38
2025-05-24,CAT,Caterpillar Inc.,North America,Materials,269.11,4987,1342051.57,1.1
2025-05-24,MMM,3M Company,North America,Consumer Staples,179.12,4959,888256.08,0.73
2025-05-24,GE,General Electric Company,North America,Energy,299.64,8784,2632037.76,2.16
2025-05-24,GM,General Motors Company,Emerging Markets,Technology,74.34,2162,160723.08,0.13
2025-05-24,F,Ford Motor Company,North America,Technology,87.79,8106,711625.74,0.58
2025-05-24,SAP,SAP SE,Emerging Markets,Materials,219.42,2127,466706.34,0.38
2025-05-24,ASML,ASML Holding N.V.,North America,Consumer Discretionary,149.42,5358,800592.36,0.66
2025-05-24,RY,Royal Bank of Canada,Others,Real Estate,104.55,491,51334.05,0.04
2025-05-24,HSBC,HSBC Holdings plc,Others,Energy,364.42,5992,2183604.64,1.79
2025-05-24,BP,BP p.l.c.,North America,Utilities,455.87,6284,2864687.08,2.35
2025-05-24,RDSA,Royal Dutch Shell plc,Europe,Utilities,461.12,8492,3915831.04,3.21
2025-05-24,GSK,GlaxoSmithKline plc,North America,Health Care,314.27,3204,1006921.08,0.83
2025-05-24,UL,Unilever PLC,North America,Consumer Staples,37.12,2554,94804.48,0.08
2025-05-24,NVS,Novartis AG,Asia,Real Estate,330.92,9096,3010048.32,2.47
2025-05-24,RHHBY,Roche Holding AG,Europe,Real Estate,376.4,8254,3106805.6,2.55
2025-05-24,NTT,Nippon Telegraph and Telephone Corporation,Europe,Consumer Discretionary,287.32,8210,2358897.2,1.93
2025-05-24,TCEHY,Tencent Holdings Limited,Others,Health Care,358.0,3940,1410520.0,1.16
2025-05-24,BABA,Alibaba Group Holding Limited,Asia,Financials,361.18,602,217430.36,0.18
2025-05-24,SONY,Sony Group Corporation,Emerging Markets,Financials,383.86,9162,3516925.32,2.88
2025-05-24,TM,Toyota Motor Corporation,North America,Health Care,25.04,306,7662.24,0.01
2025-05-24,SFTBY,SoftBank Group Corp.,Emerging Markets,Materials,216.23,7821,1691134.83,1.39
2025-05-24,RELIANCE,Reliance Industries Limited,Asia,Materials,223.61,7958,1779488.38,1.46
2025-05-24,TCS,Tata Consultancy Services Limited,Europe,Utilities,20.5,2890,59245.0,0.05
2025-05-24,INFY,Infosys Limited,Asia,Consumer Staples,243.71,5216,1271191.36,1.04
2025-05-24,HDFCBANK,HDFC Bank Limited,Others,Technology,257.06,1857,477360.42,0.39
2025-05-24,ICICIBANK,ICICI Bank Limited,Asia,Financials,73.78,6474,477651.72,0.39
2025-05-24,KOTAKBANK,Kotak Mahindra Bank Limited,Asia,Consumer Staples,210.27,3342,702722.34,0.58
2025-05-24,HINDUNILVR,Hindustan Unilever Limited,Emerging Markets,Energy,103.81,6768,702586.08,0.58
2025-05-24,BHARTIARTL,Bharti Airtel Limited,North America,Materials,43.26,3257,140897.82,0.12
2025-05-24,LT,Larsen & Toubro Limited,North America,Technology,440.94,9889,4360455.66,3.57
2025-05-24,SBIN,State Bank of India,Others,Industrials,314.04,2793,877113.72,0.72
2025-05-24,MIZHY,"Mizuho Financial Group, Inc.",Others,Health Care,227.03,3727,846140.81,0.69
2025-05-24,MUFG,"Mitsubishi UFJ Financial Group, Inc.",Asia,Financials,213.3,5550,1183815.0,0.97
2025-05-24,CVS,CVS Health Corporation,Others,Industrials,167.14,5692,951360.88,0.78
2025-05-24,ANTM,"Anthem, Inc.",Emerging Markets,Consumer Staples,162.69,7492,1218873.48,1.0
2025-05-24,CMCSA,Comcast Corporation,Asia,Health Care,142.11,1406,199806.66,0.16
2025-05-24,CSX,CSX Corporation,Europe,Health Care,217.37,5964,1296394.68,1.06
2025-05-24,SPG,"Simon Property Group, Inc.",Asia,Consumer Staples,157.82,9001,1420537.82,1.16
2025-05-24,PLD,"Prologis, Inc.",Others,Real Estate,258.9,4513,1168415.7,0.96
2025-05-24,AMGN,Amgen Inc.,Europe,Technology,114.62,763,87455.06,0.07
2025-05-24,TXN,Texas Instruments Incorporated,North America,Energy,466.75,1595,744466.25,0.61
2025-05-24,QCOM,Qualcomm Incorporated,Others,Industrials,350.86,5332,1870785.52,1.53
2025-05-24,GILD,"Gilead Sciences, Inc.",North America,Consumer Discretionary,37.02,6685,247478.7,0.2
2025-05-24,BMY,Bristol-Myers Squibb Company,Others,Financials,487.97,3681,1796217.57,1.47
2025-05-24,BIIB,Biogen Inc.,North America,Utilities,352.36,7654,2696963.44,2.21
2025-05-24,LLY,Eli Lilly and Company,Emerging Markets,Consumer Staples,154.44,3796,586254.24,0.48
2025-05-24,ABT,Abbott Laboratories,Emerging Markets,Health Care,503.22,798,401569.56,0.33
2025-05-24,MDT,Medtronic plc,Asia,Consumer Staples,308.35,4837,1491488.95,1.22
2025-05-24,EL,The Estée Lauder Companies Inc.,North America,Consumer Staples,209.01,954,199395.54,0.16
2025-05-24,GS,"The Goldman Sachs Group, Inc.",Others,Materials,140.79,7492,1054798.68,0.86
2025-05-24,MS,Morgan Stanley,Others,Consumer Staples,322.63,5349,1725747.87,1.41
2025-05-24,BBY,"Best Buy Co., Inc.",Emerging Markets,Consumer Discretionary,266.58,5891,1570422.78,1.29
2025-05-24,DELL,Dell Technologies Inc.,Emerging Markets,Materials,281.71,5031,1417283.01,1.16
2025-05-24,LRCX,Lam Research Corporation,Others,Energy,45.55,4318,196684.9,0.16
2025-05-24,AMAT,"Applied Materials, Inc.",Europe,Consumer Staples,124.03,4489,556770.67,0.46
2025-05-24,ADI,"Analog Devices, Inc.",Europe,Consumer Discretionary,188.83,3031,572343.73,0.47
2025-05-24,MU,"Micron Technology, Inc.",North America,Energy,490.01,7225,3540322.25,2.9
2025-05-24,SNPS,"Synopsys, Inc.",North America,Consumer Staples,269.25,6387,1719699.75,1.41
2025-05-24,NOW,"ServiceNow, Inc.",North America,Consumer Discretionary,419.55,9439,3960132.45,3.25
2025-05-24,D,"Dominion Energy, Inc.",North America,Technology,257.29,2611,671784.19,0.55
2025-05-24,AEP,"American Electric Power Company, Inc.",North America,Technology,25.19,759,19119.21,0.02
2025-05-24,XEL,Xcel Energy Inc.,Others,Financials,164.13,6646,1090807.98,0.89
2025-05-24,PEG,Public Service Enterprise Group Incorporated,Asia,Industrials,356.59,8438,3008906.42,2.47
2025-05-24,DUKE,Duke Energy Corporation,Asia,Consumer Discretionary,181.64,1834,333127.76,0.27
2025-05-24,SO,The Southern Company,Asia,Real Estate,88.77,3076,273056.52,0.22
2025-05-25,AAPL,Apple Inc.,Asia,Technology,192.06,960,184377.6,0.15
2025-05-25,MSFT,Microsoft Corporation,Emerging Markets,Consumer Discretionary,96.81,5291,512221.71,0.42
2025-05-25,AMZN,"Amazon.com, Inc.",North America,Financials,297.25,5834,1734156.5,1.42
2025-05-25,GOOGL,Alphabet Inc.,Asia,Consumer Staples,224.63,4526,1016675.38,0.83
2025-05-25,META,"Meta Platforms, Inc.",North America,Materials,230.01,8422,1937144.22,1.58
2025-05-25,TSLA,"Tesla, Inc.",North America,Financials,15.47,869,13443.43,0.01
2025-05-25,NVDA,NVIDIA Corporation,North America,Consumer Staples,366.39,7049,2582683.11,2.11
2025-05-25,JPM,JPMorgan Chase & Co.,Asia,Consumer Staples,5.45,5151,28072.95,0.02
2025-05-25,BAC,Bank of America Corporation,North America,Consumer Staples,95.91,4655,446461.05,0.37
2025-05-25,WMT,Walmart Inc.,Europe,Utilities,311.81,6496,2025517.76,1.66
2025-05-25,PG,The Procter & Gamble Company,Asia,Technology,218.79,8766,1917913.14,1.57
2025-05-25,XOM,Exxon Mobil Corporation,Emerging Markets,Health Care,312.05,7949,2480485.45,2.03
2025-05-25,CVX,Chevron Corporation,Asia,Energy,28.06,2847,79886.82,0.07
2025-05-25,T,AT&T Inc.,North America,Consumer Discretionary,185.08,289,53488.12,0.04
2025-05-25,VZ,Verizon Communications Inc.,Others,Energy,50.75,3105,157578.75,0.13
2025-05-25,KO,The Coca-Cola Company,North America,Materials,103.82,7834,813325.88,0.67
2025-05-25,PFE,Pfizer Inc.,North America,Energy,487.28,1628,793291.84,0.65
2025-05-25,MRK,"Merck & Co., Inc.",Asia,Technology,27.74,3990,110682.6,0.09
2025-05-25,JNJ,Johnson & Johnson,Emerging Markets,Consumer Staples,338.65,5493,1860204.45,1.52
2025-05-25,UNH,UnitedHealth Group Incorporated,North America,Materials,478.71,8533,4084832.43,3.34
2025-05-25,HD,"The Home Depot, Inc.",North America,Industrials,195.59,7613,1489026.67,1.22
2025-05-25,DIS,The Walt Disney Company,Emerging Markets,Real Estate,54.58,9655,526969.9,0.43
2025-05-25,NFLX,"Netflix, Inc.",Others,Energy,125.78,7199,905490.22,0.74
2025-05-25,ORCL,Oracle Corporation,Asia,Financials,65.58,875,57382.5,0.05
2025-05-25,INTC,Intel Corporation,North America,Consumer Discretionary,22.33,3252,72617.16,0.06
2025-05-25,CSCO,"Cisco Systems, Inc.",Emerging Markets,Financials,132.44,4043,535454.92,0.44
2025-05-25,ADBE,Adobe Inc.,Others,Financials,371.87,1121,416866.27,0.34
2025-05-25,CRM,"Salesforce, Inc.",Europe,Utilities,259.83,3943,1024509.69,0.84
2025-05-25,PYPL,"PayPal Holdings, Inc.",Asia,Energy,96.64,6973,673870.72,0.55
2025-05-25,NKE,"NIKE, Inc.",North America,Energy,227.12,4397,998646.64,0.82
2025-05-25,MCD,McDonald's Corporation,North America,Industrials,451.63,7729,3490648.27,2.85
2025-05-25,COST,Costco Wholesale Corporation,Emerging Markets,Financials,101.88,1116,113698.08,0.09
2025-05-25,SBUX,Starbucks Corporation,Asia,Health Care,484.38,7992,3871164.96,3.17
2025-05-25,BA,The Boeing Company,Asia,Consumer Discretionary,200.36,8629,1728906.44,1.41
2025-05-25,CAT,Caterpillar Inc.,North America,Materials,271.8,4987,1355466.6,1.11
2025-05-25,MMM,3M Company,North America,Consumer Staples,182.6,4959,905513.4,0.74
2025-05-25,GE,General Electric Company,North America,Energy,300.12,8784,2636254.08,2.16
2025-05-25,GM,General Motors Company,Emerging Markets,Technology,74.67,2162,161436.54,0.13
2025-05-25,F,Ford Motor Company,North America,Technology,85.74,8106,695008.44,0.57
2025-05-25,SAP,SAP SE,Emerging Markets,Materials,214.89,2127,457071.03,0.37
2025-05-25,ASML,ASML Holding N.V.,North America,Consumer Discretionary,150.63,5358,807075.54,0.66
2025-05-25,RY,Royal Bank of Canada,Others,Real Estate,103.67,491,50901.97,0.04
2025-05-25,HSBC,HSBC Holdings plc,Others,Energy,364.1,5992,2181687.2,1.78
2025-05-25,BP,BP p.l.c.,North America,Utilities,474.17,6284,2979684.28,2.44
2025-05-25,RDSA,Royal Dutch Shell plc,Europe,Utilities,452.1,8492,3839233.2,3.14
2025-05-25,GSK,GlaxoSmithKline plc,North America,Health Care,309.36,3204,991189.44,0.81
2025-05-25,UL,Unilever PLC,North America,Consumer Staples,37.06,2554,94651.24,0.08
2025-05-25,NVS,Novartis AG,Asia,Real Estate,333.71,9096,3035426.16,2.48
2025-05-25,RHHBY,Roche Holding AG,Europe,Real Estate,362.7,8254,2993725.8,2.45
2025-05-25,NTT,Nippon Telegraph and Telephone Corporation,Europe,Consumer Discretionary,289.33,8210,2375399.3,1.94
2025-05-25,TCEHY,Tencent Holdings Limited,Others,Health Care,361.59,3940,1424664.6,1.16
2025-05-25,BABA,Alibaba Group Holding Limited,Asia,Financials,360.11,602,216786.22,0.18
2025-05-25,SONY,Sony Group Corporation,Emerging Markets,Financials,387.47,9162,3550000.14,2.9
2025-05-25,TM,Toyota Motor Corporation,North America,Health Care,25.5,306,7803.0,0.01
2025-05-25,SFTBY,SoftBank Group Corp.,Emerging Markets,Materials,218.13,7821,1705994.73,1.4
2025-05-25,RELIANCE,Reliance Industries Limited,Asia,Materials,225.33,7958,1793176.14,1.47
2025-05-25,TCS,Tata Consultancy Services Limited,Europe,Utilities,20.73,2890,59909.7,0.05
2025-05-25,INFY,Infosys Limited,Asia,Consumer Staples,242.55,5216,1265140.8,1.03
2025-05-25,HDFCBANK,HDFC Bank Limited,Others,Technology,256.84,1857,476951.88,0.39
2025-05-25,ICICIBANK,ICICI Bank Limited,Asia,Financials,73.98,6474,478946.52,0.39
2025-05-25,KOTAKBANK,Kotak Mahindra Bank Limited,Asia,Consumer Staples,208.7,3342,697475.4,0.57
2025-05-25,HINDUNILVR,Hindustan Unilever Limited,Emerging Markets,Energy,106.29,6768,719370.72,0.59
2025-05-25,BHARTIARTL,Bharti Airtel Limited,North America,Materials,42.99,3257,140018.43,0.11
2025-05-25,LT,Larsen & Toubro Limited,North America,Technology,441.37,9889,4364707.93,3.57
2025-05-25,SBIN,State Bank of India,Others,Industrials,317.54,2793,886889.22,0.73
2025-05-25,MIZHY,"Mizuho Financial Group, Inc.",Others,Health Care,231.25,3727,861868.75,0.7
2025-05-25,MUFG,"Mitsubishi UFJ Financial Group, Inc.",Asia,Financials,208.53,5550,1157341.5,0.95
2025-05-25,CVS,CVS Health Corporation,Others,Industrials,169.86,5692,966843.12,0.79
2025-05-25,ANTM,"Anthem, Inc.",Emerging Markets,Consumer Staples,161.22,7492,1207860.24,0.99
2025-05-25,CMCSA,Comcast Corporation,Asia,Health Care,139.21,1406,195729.26,0.16
2025-05-25,CSX,CSX Corporation,Europe,Health Care,214.65,5964,1280172.6,1.05
2025-05-25,SPG,"Simon Property Group, Inc.",Asia,Consumer Staples,156.83,9001,1411626.83,1.15
2025-05-25,PLD,"Prologis, Inc.",Others,Real Estate,257.31,4513,1161240.03,0.95
2025-05-25,AMGN,Amgen Inc.,Europe,Technology,113.83,763,86852.29,0.07
2025-05-25,TXN,Texas Instruments Incorporated,North America,Energy,474.84,1595,757369.8,0.62
2025-05-25,QCOM,Qualcomm Incorporated,Others,Industrials,355.78,5332,1897018.96,1.55
2025-05-25,GILD,"Gilead Sciences, Inc.",North America,Consumer Discretionary,37.1,6685,248013.5,0.2
2025-05-25,BMY,Bristol-Myers Squibb Company,Others,Financials,478.22,3681,1760327.82,1.44
2025-05-25,BIIB,Biogen Inc.,North America,Utilities,357.33,7654,2735003.82,2.24
2025-05-25,LLY,Eli Lilly and Company,Emerging Markets,Consumer Staples,154.45,3796,586292.2,0.48
2025-05-25,ABT,Abbott Laboratories,Emerging Markets,Health Care,492.52,798,393030.96,0.32
2025-05-25,MDT,Medtronic plc,Asia,Consumer Staples,311.07,4837,1504645.59,1.23
2025-05-25,EL,The Estée Lauder Companies Inc.,North America,Consumer Staples,206.68,954,197172.72,0.16
2025-05-25,GS,"The Goldman Sachs Group, Inc.",Others,Materials,146.85,7492,1100200.2,0.9
2025-05-25,MS,Morgan Stanley,Others,Consumer Staples,319.25,5349,1707668.25,1.4
2025-05-25,BBY,"Best Buy Co., Inc.",Emerging Markets,Consumer Discretionary,270.52,5891,1593633.32,1.3
2025-05-25,DELL,Dell Technologies Inc.,Emerging Markets,Materials,272.88,5031,1372859.28,1.12
2025-05-25,LRCX,Lam Research Corporation,Others,Energy,44.44,4318,191891.92,0.16
2025-05-25,AMAT,"Applied Materials, Inc.",Europe,Consumer Staples,126.54,4489,568038.06,0.46
2025-05-25,ADI,"Analog Devices, Inc.",Europe,Consumer Discretionary,187.64,3031,568736.84,0.47
2025-05-25,MU,"Micron Technology, Inc.",North America,Energy,501.83,7225,3625721.75,2.96
2025-05-25,SNPS,"Synopsys, Inc.",North America,Consumer Staples,271.52,6387,1734198.24,1.42
2025-05-25,NOW,"ServiceNow, Inc.",North America,Consumer Discretionary,419.08,9439,3955696.12,3.23
2025-05-25,D,"Dominion Energy, Inc.",North America,Technology,260.96,2611,681366.56,0.56
2025-05-25,AEP,"American Electric Power Company, Inc.",North America,Technology,25.43,759,19301.37,0.02
2025-05-25,XEL,Xcel Energy Inc.,Others,Financials,166.02,6646,1103368.92,0.9
2025-05-25,PEG,Public Service Enterprise Group Incorporated,Asia,Industrials,353.11,8438,2979542.18,2.44
2025-05-25,DUKE,Duke Energy Corporation,Asia,Consumer Discretionary,173.38,1834,317978.92,0.26
2025-05-25,SO,The Southern Company,Asia,Real Estate,90.91,3076,279639.16,0.23
2025-05-26,AAPL,Apple Inc.,Asia,Technology,188.14,960,180614.4,0.15
2025-05-26,MSFT,Microsoft Corporation,Emerging Markets,Consumer Discretionary,98.29,5291,520052.39,0.43
2025-05-26,AMZN,"Amazon.com, Inc.",North America,Financials,299.38,5834,1746582.92,1.43
2025-05-26,GOOGL,Alphabet Inc.,Asia,Consumer Staples,224.16,4526,1014548.16,0.83
2025-05-26,META,"Meta Platforms, Inc.",North America,Materials,228.8,8422,1926953.6,1.58
2025-05-26,TSLA,"Tesla, Inc.",North America,Financials,15.15,869,13165.35,0.01
2025-05-26,NVDA,NVIDIA Corporation,North America,Consumer Staples,359.98,7049,2537499.02,2.08
2025-05-26,JPM,JPMorgan Chase & Co.,Asia,Consumer Staples,5.48,5151,28227.48,0.02
2025-05-26,BAC,Bank of America Corporation,North America,Consumer Staples,95.95,4655,446647.25,0.37
2025-05-26,WMT,Walmart Inc.,Europe,Utilities,307.74,6496,1999079.04,1.64
2025-05-26,PG,The Procter & Gamble Company,Asia,Technology,218.52,8766,1915546.32,1.57
2025-05-26,XOM,Exxon Mobil Corporation,Emerging Markets,Health Care,310.29,7949,2466495.21,2.02
2025-05-26,CVX,Chevron Corporation,Asia,Energy,27.97,2847,79630.59,0.07
2025-05-26,T,AT&T Inc.,North America,Consumer Discretionary,187.59,289,54213.51,0.04
2025-05-26,VZ,Verizon Communications Inc.,Others,Energy,50.65,3105,157268.25,0.13
2025-05-26,KO,The Coca-Cola Company,North America,Materials,104.32,7834,817242.88,0.67
2025-05-26,PFE,Pfizer Inc.,North America,Energy,490.47,1628,798485.16,0.65
2025-05-26,MRK,"Merck & Co., Inc.",Asia,Technology,27.72,3990,110602.8,0.09
2025-05-26,JNJ,Johnson & Johnson,Emerging Markets,Consumer Staples,340.81,5493,1872069.33,1.53
2025-05-26,UNH,UnitedHealth Group Incorporated,North America,Materials,477.37,8533,4073398.21,3.34
2025-05-26,HD,"The Home Depot, Inc.",North America,Industrials,192.78,7613,1467634.14,1.2
2025-05-26,DIS,The Walt Disney Company,Emerging Markets,Real Estate,53.79,9655,519342.45,0.43
2025-05-26,NFLX,"Netflix, Inc.",Others,Energy,124.57,7199,896779.43,0.73
2025-05-26,ORCL,Oracle Corporation,Asia,Financials,65.31,875,57146.25,0.05
2025-05-26,INTC,Intel Corporation,North America,Consumer Discretionary,21.87,3252,71121.24,0.06
2025-05-26,CSCO,"Cisco Systems, Inc.",Emerging Markets,Financials,132.47,4043,535576.21,0.44
2025-05-26,ADBE,Adobe Inc.,Others,Financials,381.16,1121,427280.36,0.35
2025-05-26,CRM,"Salesforce, Inc.",Europe,Utilities,262.09,3943,1033420.87,0.85
2025-05-26,PYPL,"PayPal Holdings, Inc.",Asia,Energy,96.02,6973,669547.46,0.55
2025-05-26,NKE,"NIKE, Inc.",North America,Energy,228.7,4397,1005593.9,0.82
2025-05-26,MCD,McDonald's Corporation,North America,Industrials,450.22,7729,3479750.38,2.85
2025-05-26,COST,Costco Wholesale Corporation,Emerging Markets,Financials,100.74,1116,112425.84,0.09
2025-05-26,SBUX,Starbucks Corporation,Asia,Health Care,483.53,7992,3864371.76,3.17
2025-05-26,BA,The Boeing Company,Asia,Consumer Discretionary,202.34,8629,1745991.86,1.43
2025-05-26,CAT,Caterpillar Inc.,North America,Materials,273.43,4987,1363595.41,1.12
2025-05-26,MMM,3M Company,North America,Consumer Staples,178.5,4959,885181.5,0.73
2025-05-26,GE,General Electric Company,North America,Energy,306.02,8784,2688079.68,2.2
2025-05-26,GM,General Motors Company,Emerging Markets,Technology,73.39,2162,158669.18,0.13
2025-05-26,F,Ford Motor Company,North America,Technology,89.56,8106,725973.36,0.59
2025-05-26,SAP,SAP SE,Emerging Markets,Materials,219.38,2127,466621.26,0.38
2025-05-26,ASML,ASML Holding N.V.,North America,Consumer Discretionary,149.28,5358,799842.24,0.66
2025-05-26,RY,Royal Bank of Canada,Others,Real Estate,101.11,491,49645.01,0.04
2025-05-26,HSBC,HSBC Holdings plc,Others,Energy,362.65,5992,2172998.8,1.78
2025-05-26,BP,BP p.l.c.,North America,Utilities,462.68,6284,2907481.12,2.38
2025-05-26,RDSA,Royal Dutch Shell plc,Europe,Utilities,449.84,8492,3820041.28,3.13
2025-05-26,GSK,GlaxoSmithKline plc,North America,Health Care,313.31,3204,1003845.24,0.82
2025-05-26,UL,Unilever PLC,North America,Consumer Staples,36.39,2554,92940.06,0.08
2025-05-26,NVS,Novartis AG,Asia,Real Estate,336.5,9096,3060804.0,2.51
2025-05-26,RHHBY,Roche Holding AG,Europe,Real Estate,367.0,8254,3029218.0,2.48
2025-05-26,NTT,Nippon Telegraph and Telephone Corporation,Europe,Consumer Discretionary,280.09,8210,2299538.9,1.88
2025-05-26,TCEHY,Tencent Holdings Limited,Others,Health Care,355.0,3940,1398700.0,1.15
2025-05-26,BABA,Alibaba Group Holding Limited,Asia,Financials,362.43,602,218182.86,0.18
2025-05-26,SONY,Sony Group Corporation,Emerging Markets,Financials,384.19,9162,3519948.78,2.88
2025-05-26,TM,Toyota Motor Corporation,North America,Health Care,25.24,306,7723.44,0.01
2025-05-26,SFTBY,SoftBank Group Corp.,Emerging Markets,Materials,216.71,7821,1694888.91,1.39
2025-05-26,RELIANCE,Reliance Industries Limited,Asia,Materials,226.62,7958,1803441.96,1.48
2025-05-26,TCS,Tata Consultancy Services Limited,Europe,Utilities,20.73,2890,59909.7,0.05
2025-05-26,INFY,Infosys Limited,Asia,Consumer Staples,242.96,5216,1267279.36,1.04
2025-05-26,HDFCBANK,HDFC Bank Limited,Others,Technology,257.08,1857,477397.56,0.39
2025-05-26,ICICIBANK,ICICI Bank Limited,Asia,Financials,74.09,6474,479658.66,0.39
2025-05-26,KOTAKBANK,Kotak Mahindra Bank Limited,Asia,Consumer Staples,211.74,3342,707635.08,0.58
2025-05-26,HINDUNILVR,Hindustan Unilever Limited,Emerging Markets,Energy,105.12,6768,711452.16,0.58
2025-05-26,BHARTIARTL,Bharti Airtel Limited,North America,Materials,43.35,3257,141190.95,0.12
2025-05-26,LT,Larsen & Toubro Limited,North America,Technology,439.66,9889,4347797.74,3.56
2025-05-26,SBIN,State Bank of India,Others,Industrials,317.67,2793,887252.31,0.73
2025-05-26,MIZHY,"Mizuho Financial Group, Inc.",Others,Health Care,228.28,3727,850799.56,0.7
2025-05-26,MUFG,"Mitsubishi UFJ Financial Group, Inc.",Asia,Financials,209.6,5550,1163280.0,0.95
2025-05-26,CVS,CVS Health Corporation,Others,Industrials,164.01,5692,933544.92,0.77
2025-05-26,ANTM,"Anthem, Inc.",Emerging Markets,Consumer Staples,163.38,7492,1224042.96,1.0
2025-05-26,CMCSA,Comcast Corporation,Asia,Health Care,141.16,1406,198470.96,0.16
2025-05-26,CSX,CSX Corporation,Europe,Health Care,216.21,5964,1289476.44,1.06
2025-05-26,SPG,"Simon Property Group, Inc.",Asia,Consumer Staples,156.23,9001,1406226.23,1.15
2025-05-26,PLD,"Prologis, Inc.",Others,Real Estate,257.43,4513,1161781.59,0.95
2025-05-26,AMGN,Amgen Inc.,Europe,Technology,114.01,763,86989.63,0.07
2025-05-26,TXN,Texas Instruments Incorporated,North America,Energy,475.81,1595,758916.95,0.62
2025-05-26,QCOM,Qualcomm Incorporated,Others,Industrials,355.29,5332,1894406.28,1.55
2025-05-26,GILD,"Gilead Sciences, Inc.",North America,Consumer Discretionary,36.42,6685,243467.7,0.2
2025-05-26,BMY,Bristol-Myers Squibb Company,Others,Financials,480.05,3681,1767064.05,1.45
2025-05-26,BIIB,Biogen Inc.,North America,Utilities,346.59,7654,2652799.86,2.17
2025-05-26,LLY,Eli Lilly and Company,Emerging Markets,Consumer Staples,153.33,3796,582040.68,0.48
2025-05-26,ABT,Abbott Laboratories,Emerging Markets,Health Care,495.54,798,395440.92,0.32
2025-05-26,MDT,Medtronic plc,Asia,Consumer Staples,306.59,4837,1482975.83,1.22
2025-05-26,EL,The Estée Lauder Companies Inc.,North America,Consumer Staples,207.77,954,198212.58,0.16
2025-05-26,GS,"The Goldman Sachs Group, Inc.",Others,Materials,142.43,7492,1067085.56,0.87
2025-05-26,MS,Morgan Stanley,Others,Consumer Staples,322.53,5349,1725212.97,1.41
2025-05-26,BBY,"Best Buy Co., Inc.",Emerging Markets,Consumer Discretionary,269.3,5891,1586446.3,1.3
2025-05-26,DELL,Dell Technologies Inc.,Emerging Markets,Materials,276.72,5031,1392178.32,1.14
2025-05-26,LRCX,Lam Research Corporation,Others,Energy,44.77,4318,193316.86,0.16
2025-05-26,AMAT,"Applied Materials, Inc.",Europe,Consumer Staples,125.48,4489,563279.72,0.46
2025-05-26,ADI,"Analog Devices, Inc.",Europe,Consumer Discretionary,187.97,3031,569737.07,0.47
2025-05-26,MU,"Micron Technology, Inc.",North America,Energy,488.82,7225,3531724.5,2.89
2025-05-26,SNPS,"Synopsys, Inc.",North America,Consumer Staples,269.58,6387,1721807.46,1.41
2025-05-26,NOW,"ServiceNow, Inc.",North America,Consumer Discretionary,426.2,9439,4022901.8,3.3
2025-05-26,D,"Dominion Energy, Inc.",North America,Technology,255.06,2611,665961.66,0.55
2025-05-26,AEP,"American Electric Power Company, Inc.",North America,Technology,25.66,759,19475.94,0.02
2025-05-26,XEL,Xcel Energy Inc.,Others,Financials,168.19,6646,1117790.74,0.92
2025-05-26,PEG,Public Service Enterprise Group Incorporated,Asia,Industrials,363.18,8438,3064512.84,2.51
2025-05-26,DUKE,Duke Energy Corporation,Asia,Consumer Discretionary,176.47,1834,323645.98,0.27
2025-05-26,SO,The Southern Company,Asia,Real Estate,91.16,3076,280408.16,0.23
2025-05-27,AAPL,Apple Inc.,Asia,Technology,189.54,960,181958.4,0.15
2025-05-27,MSFT,Microsoft Corporation,Emerging Markets,Consumer Discretionary,96.88,5291,512592.08,0.42
2025-05-27,AMZN,"Amazon.com, Inc.",North America,Financials,299.63,5834,1748041.42,1.43
2025-05-27,GOOGL,Alphabet Inc.,Asia,Consumer Staples,227.34,4526,1028940.84,0.84
2025-05-27,META,"Meta Platforms, Inc.",North America,Materials,233.91,8422,1969990.02,1.61
2025-05-27,TSLA,"Tesla, Inc.",North America,Financials,15.18,869,13191.42,0.01
2025-05-27,NVDA,NVIDIA Corporation,North America,Consumer Staples,367.1,7049,2587687.9,2.12
2025-05-27,JPM,JPMorgan Chase & Co.,Asia,Consumer Staples,5.4,5151,27815.4,0.02
2025-05-27,BAC,Bank of America Corporation,North America,Consumer Staples,96.59,4655,449626.45,0.37
2025-05-27,WMT,Walmart Inc.,Europe,Utilities,306.25,6496,1989400.0,1.63
2025-05-27,PG,The Procter & Gamble Company,Asia,Technology,217.23,8766,1904238.18,1.56
2025-05-27,XOM,Exxon Mobil Corporation,Emerging Markets,Health Care,310.12,7949,2465143.88,2.02
2025-05-27,CVX,Chevron Corporation,Asia,Energy,28.22,2847,80342.34,0.07
2025-05-27,T,AT&T Inc.,North America,Consumer Discretionary,186.8,289,53985.2,0.04
2025-05-27,VZ,Verizon Communications Inc.,Others,Energy,49.68,3105,154256.4,0.13
2025-05-27,KO,The Coca-Cola Company,North America,Materials,105.45,7834,826095.3,0.68
2025-05-27,PFE,Pfizer Inc.,North America,Energy,486.21,1628,791549.88,0.65
2025-05-27,MRK,"Merck & Co., Inc.",Asia,Technology,27.66,3990,110363.4,0.09
2025-05-27,JNJ,Johnson & Johnson,Emerging Markets,Consumer Staples,344.97,5493,1894920.21,1.55
2025-05-27,UNH,UnitedHealth Group Incorporated,North America,Materials,478.78,8533,4085429.74,3.34
2025-05-27,HD,"The Home Depot, Inc.",North America,Industrials,196.47,7613,1495726.11,1.22
2025-05-27,DIS,The Walt Disney Company,Emerging Markets,Real Estate,53.2,9655,513646.0,0.42
2025-05-27,NFLX,"Netflix, Inc.",Others,Energy,124.93,7199,899371.07,0.74
2025-05-27,ORCL,Oracle Corporation,Asia,Financials,66.54,875,58222.5,0.05
2025-05-27,INTC,Intel Corporation,North America,Consumer Discretionary,22.57,3252,73397.64,0.06
2025-05-27,CSCO,"Cisco Systems, Inc.",Emerging Markets,Financials,130.9,4043,529228.7,0.43
2025-05-27,ADBE,Adobe Inc.,Others,Financials,377.31,1121,422964.51,0.35
2025-05-27,CRM,"Salesforce, Inc.",Europe,Utilities,261.17,3943,1029793.31,0.84
2025-05-27,PYPL,"PayPal Holdings, Inc.",Asia,Energy,98.07,6973,683842.11,0.56
2025-05-27,NKE,"NIKE, Inc.",North America,Energy,221.98,4397,976046.06,0.8
2025-05-27,MCD,McDonald's Corporation,North America,Industrials,450.24,7729,3479904.96,2.85
2025-05-27,COST,Costco Wholesale Corporation,Emerging Markets,Financials,101.75,1116,113553.0,0.09
2025-05-27,SBUX,Starbucks Corporation,Asia,Health Care,488.66,7992,3905370.72,3.2
2025-05-27,BA,The Boeing Company,Asia,Consumer Discretionary,200.36,8629,1728906.44,1.41
2025-05-27,CAT,Caterpillar Inc.,North America,Materials,273.14,4987,1362149.18,1.11
2025-05-27,MMM,3M Company,North America,Consumer Staples,178.72,4959,886272.48,0.73
2025-05-27,GE,General Electric Company,North America,Energy,303.73,8784,2667964.32,2.18
2025-05-27,GM,General Motors Company,Emerging Markets,Technology,74.41,2162,160874.42,0.13
2025-05-27,F,Ford Motor Company,North America,Technology,85.66,8106,694359.96,0.57
2025-05-27,SAP,SAP SE,Emerging Markets,Materials,217.06,2127,461686.62,0.38
2025-05-27,ASML,ASML Holding N.V.,North America,Consumer Discretionary,148.1,5358,793519.8,0.65
2025-05-27,RY,Royal Bank of Canada,Others,Real Estate,105.46,491,51780.86,0.04
2025-05-27,HSBC,HSBC Holdings plc,Others,Energy,373.04,5992,2235255.68,1.83
2025-05-27,BP,BP p.l.c.,North America,Utilities,461.74,6284,2901574.16,2.37
2025-05-27,RDSA,Royal Dutch Shell plc,Europe,Utilities,459.41,8492,3901309.72,3.19
2025-05-27,GSK,GlaxoSmithKline plc,North America,Health Care,313.3,3204,1003813.2,0.82
2025-05-27,UL,Unilever PLC,North America,Consumer Staples,36.79,2554,93961.66,0.08
2025-05-27,NVS,Novartis AG,Asia,Real Estate,340.36,9096,3095914.56,2.53
2025-05-27,RHHBY,Roche Holding AG,Europe,Real Estate,367.1,8254,3030043.4,2.48
2025-05-27,NTT,Nippon Telegraph and Telephone Corporation,Europe,Consumer Discretionary,284.15,8210,2332871.5,1.91
2025-05-27,TCEHY,Tencent Holdings Limited,Others,Health Care,355.84,3940,1402009.6,1.15
2025-05-27,BABA,Alibaba Group Holding Limited,Asia,Financials,363.84,602,219031.68,0.18
2025-05-27,SONY,Sony Group Corporation,Emerging Markets,Financials,387.26,9162,3548076.12,2.9
2025-05-27,TM,Toyota Motor Corporation,North America,Health Care,24.78,306,7582.68,0.01
2025-05-27,SFTBY,SoftBank Group Corp.,Emerging Markets,Materials,216.6,7821,1694028.6,1.39
2025-05-27,RELIANCE,Reliance Industries Limited,Asia,Materials,221.62,7958,1763651.96,1.44
2025-05-27,TCS,Tata Consultancy Services Limited,Europe,Utilities,20.43,2890,59042.7,0.05
2025-05-27,INFY,Infosys Limited,Asia,Consumer Staples,237.55,5216,1239060.8,1.01
2025-05-27,HDFCBANK,HDFC Bank Limited,Others,Technology,256.9,1857,477063.3,0.39
2025-05-27,ICICIBANK,ICICI Bank Limited,Asia,Financials,73.39,6474,475126.86,0.39
2025-05-27,KOTAKBANK,Kotak Mahindra Bank Limited,Asia,Consumer Staples,207.16,3342,692328.72,0.57
2025-05-27,HINDUNILVR,Hindustan Unilever Limited,Emerging Markets,Energy,106.65,6768,721807.2,0.59
2025-05-27,BHARTIARTL,Bharti Airtel Limited,North America,Materials,43.38,3257,141288.66,0.12
2025-05-27,LT,Larsen & Toubro Limited,North America,Technology,436.52,9889,4316746.28,3.53
2025-05-27,SBIN,State Bank of India,Others,Industrials,319.65,2793,892782.45,0.73
2025-05-27,MIZHY,"Mizuho Financial Group, Inc.",Others,Health Care,231.29,3727,862017.83,0.71
2025-05-27,MUFG,"Mitsubishi UFJ Financial Group, Inc.",Asia,Financials,214.76,5550,1191918.0,0.98
2025-05-27,CVS,CVS Health Corporation,Others,Industrials,167.84,5692,955345.28,0.78
2025-05-27,ANTM,"Anthem, Inc.",Emerging Markets,Consumer Staples,159.92,7492,1198120.64,0.98
2025-05-27,CMCSA,Comcast Corporation,Asia,Health Care,140.91,1406,198119.46,0.16
2025-05-27,CSX,CSX Corporation,Europe,Health Care,219.16,5964,1307070.24,1.07
2025-05-27,SPG,"Simon Property Group, Inc.",Asia,Consumer Staples,156.74,9001,1410816.74,1.15
2025-05-27,PLD,"Prologis, Inc.",Others,Real Estate,256.96,4513,1159660.48,0.95
2025-05-27,AMGN,Amgen Inc.,Europe,Technology,117.71,763,89812.73,0.07
2025-05-27,TXN,Texas Instruments Incorporated,North America,Energy,474.81,1595,757321.95,0.62
2025-05-27,QCOM,Qualcomm Incorporated,Others,Industrials,359.97,5332,1919360.04,1.57
2025-05-27,GILD,"Gilead Sciences, Inc.",North America,Consumer Discretionary,37.62,6685,251489.7,0.21
2025-05-27,BMY,Bristol-Myers Squibb Company,Others,Financials,483.64,3681,1780278.84,1.46
2025-05-27,BIIB,Biogen Inc.,North America,Utilities,347.64,7654,2660836.56,2.18
2025-05-27,LLY,Eli Lilly and Company,Emerging Markets,Consumer Staples,153.89,3796,584166.44,0.48
2025-05-27,ABT,Abbott Laboratories,Emerging Markets,Health Care,497.77,798,397220.46,0.32
2025-05-27,MDT,Medtronic plc,Asia,Consumer Staples,303.0,4837,1465611.0,1.2
2025-05-27,EL,The Estée Lauder Companies Inc.,North America,Consumer Staples,209.82,954,200168.28,0.16
2025-05-27,GS,"The Goldman Sachs Group, Inc.",Others,Materials,145.17,7492,1087613.64,0.89
2025-05-27,MS,Morgan Stanley,Others,Consumer Staples,318.05,5349,1701249.45,1.39
2025-05-27,BBY,"Best Buy Co., Inc.",Emerging Markets,Consumer Discretionary,273.6,5891,1611777.6,1.32
2025-05-27,DELL,Dell Technologies Inc.,Emerging Markets,Materials,274.34,5031,1380204.54,1.13
2025-05-27,LRCX,Lam Research Corporation,Others,Energy,45.49,4318,196425.82,0.16
2025-05-27,AMAT,"Applied Materials, Inc.",Europe,Consumer Staples,126.96,4489,569923.44,0.47
2025-05-27,ADI,"Analog Devices, Inc.",Europe,Consumer Discretionary,186.67,3031,565796.77,0.46
2025-05-27,MU,"Micron Technology, Inc.",North America,Energy,490.87,7225,3546535.75,2.9
2025-05-27,SNPS,"Synopsys, Inc.",North America,Consumer Staples,273.03,6387,1743842.61,1.43
2025-05-27,NOW,"ServiceNow, Inc.",North America,Consumer Discretionary,420.59,9439,3969949.01,3.25
2025-05-27,D,"Dominion Energy, Inc.",North America,Technology,251.44,2611,656509.84,0.54
2025-05-27,AEP,"American Electric Power Company, Inc.",North America,Technology,24.97,759,18952.23,0.02
2025-05-27,XEL,Xcel Energy Inc.,Others,Financials,166.33,6646,1105429.18,0.9
2025-05-27,PEG,Public Service Enterprise Group Incorporated,Asia,Industrials,352.13,8438,2971272.94,2.43
2025-05-27,DUKE,Duke Energy Corporation,Asia,Consumer Discretionary,176.75,1834,324159.5,0.27
2025-05-27,SO,The Southern Company,Asia,Real Estate,90.08,3076,277086.08,0.23
2025-05-28,AAPL,Apple Inc.,Asia,Technology,189.7,960,182112.0,0.15
2025-05-28,MSFT,Microsoft Corporation,Emerging Markets,Consumer Discretionary,95.48,5291,505184.68,0.41
2025-05-28,AMZN,"Amazon.com, Inc.",North America,Financials,302.4,5834,1764201.6,1.45
2025-05-28,GOOGL,Alphabet Inc.,Asia,Consumer Staples,225.48,4526,1020522.48,0.84
2025-05-28,META,"Meta Platforms, Inc.",North America,Materials,233.5,8422,1966537.0,1.61
2025-05-28,TSLA,"Tesla, Inc.",North America,Financials,15.25,869,13252.25,0.01
2025-05-28,NVDA,NVIDIA Corporation,North America,Consumer Staples,366.13,7049,2580850.37,2.11
2025-05-28,JPM,JPMorgan Chase & Co.,Asia,Consumer Staples,5.44,5151,28021.44,0.02
2025-05-28,BAC,Bank of America Corporation,North America,Consumer Staples,96.53,4655,449347.15,0.37
2025-05-28,WMT,Walmart Inc.,Europe,Utilities,317.33,6496,2061375.68,1.69
2025-05-28,PG,The Procter & Gamble Company,Asia,Technology,219.57,8766,1924750.62,1.58
2025-05-28,XOM,Exxon Mobil Corporation,Emerging Markets,Health Care,315.85,7949,2510691.65,2.06
2025-05-28,CVX,Chevron Corporation,Asia,Energy,28.22,2847,80342.34,0.07
2025-05-28,T,AT&T Inc.,North America,Consumer Discretionary,186.2,289,53811.8,0.04
2025-05-28,VZ,Verizon Communications Inc.,Others,Energy,49.66,3105,154194.3,0.13
2025-05-28,KO,The Coca-Cola Company,North America,Materials,105.41,7834,825781.94,0.68
2025-05-28,PFE,Pfizer Inc.,North America,Energy,499.77,1628,813625.56,0.67
2025-05-28,MRK,"Merck & Co., Inc.",Asia,Technology,28.16,3990,112358.4,0.09
2025-05-28,JNJ,Johnson & Johnson,Emerging Markets,Consumer Staples,345.62,5493,1898490.66,1.56
2025-05-28,UNH,UnitedHealth Group Incorporated,North America,Materials,468.64,8533,3998905.12,3.28
2025-05-28,HD,"The Home Depot, Inc.",North America,Industrials,192.75,7613,1467405.75,1.2
2025-05-28,DIS,The Walt Disney Company,Emerging Markets,Real Estate,54.01,9655,521466.55,0.43
2025-05-28,NFLX,"Netflix, Inc.",Others,Energy,124.15,7199,893755.85,0.73
2025-05-28,ORCL,Oracle Corporation,Asia,Financials,65.9,875,57662.5,0.05
2025-05-28,INTC,Intel Corporation,North America,Consumer Discretionary,21.86,3252,71088.72,0.06
2025-05-28,CSCO,"Cisco Systems, Inc.",Emerging Markets,Financials,135.31,4043,547058.33,0.45
2025-05-28,ADBE,Adobe Inc.,Others,Financials,373.06,1121,418200.26,0.34
2025-05-28,CRM,"Salesforce, Inc.",Europe,Utilities,258.79,3943,1020408.97,0.84
2025-05-28,PYPL,"PayPal Holdings, Inc.",Asia,Energy,97.89,6973,682586.97,0.56
2025-05-28,NKE,"NIKE, Inc.",North America,Energy,221.69,4397,974770.93,0.8
2025-05-28,MCD,McDonald's Corporation,North America,Industrials,449.64,7729,3475267.56,2.85
2025-05-28,COST,Costco Wholesale Corporation,Emerging Markets,Financials,101.9,1116,113720.4,0.09
2025-05-28,SBUX,Starbucks Corporation,Asia,Health Care,477.24,7992,3814102.08,3.12
2025-05-28,BA,The Boeing Company,Asia,Consumer Discretionary,197.01,8629,1699999.29,1.39
2025-05-28,CAT,Caterpillar Inc.,North America,Materials,269.84,4987,1345692.08,1.1
2025-05-28,MMM,3M Company,North America,Consumer Staples,184.39,4959,914390.01,0.75
2025-05-28,GE,General Electric Company,North America,Energy,310.99,8784,2731736.16,2.24
2025-05-28,GM,General Motors Company,Emerging Markets,Technology,74.25,2162,160528.5,0.13
2025-05-28,F,Ford Motor Company,North America,Technology,87.05,8106,705627.3,0.58
2025-05-28,SAP,SAP SE,Emerging Markets,Materials,211.74,2127,450370.98,0.37
2025-05-28,ASML,ASML Holding N.V.,North America,Consumer Discretionary,151.89,5358,813826.62,0.67
2025-05-28,RY,Royal Bank of Canada,Others,Real Estate,104.51,491,51314.41,0.04
2025-05-28,HSBC,HSBC Holdings plc,Others,Energy,364.78,5992,2185761.76,1.79
2025-05-28,BP,BP p.l.c.,North America,Utilities,463.6,6284,2913262.4,2.39
2025-05-28,RDSA,Royal Dutch Shell plc,Europe,Utilities,457.48,8492,3884920.16,3.18
2025-05-28,GSK,GlaxoSmithKline plc,North America,Health Care,308.46,3204,988305.84,0.81
2025-05-28,UL,Unilever PLC,North America,Consumer Staples,37.02,2554,94549.08,0.08
2025-05-28,NVS,Novartis AG,Asia,Real Estate,333.5,9096,3033516.0,2.48
2025-05-28,RHHBY,Roche Holding AG,Europe,Real Estate,363.38,8254,2999338.52,2.46
2025-05-28,NTT,Nippon Telegraph and Telephone Corporation,Europe,Consumer Discretionary,282.39,8210,2318421.9,1.9
2025-05-28,TCEHY,Tencent Holdings Limited,Others,Health Care,361.62,3940,1424782.8,1.17
2025-05-28,BABA,Alibaba Group Holding Limited,Asia,Financials,360.12,602,216792.24,0.18
2025-05-28,SONY,Sony Group Corporation,Emerging Markets,Financials,379.08,9162,3473130.96,2.85
2025-05-28,TM,Toyota Motor Corporation,North America,Health Care,24.79,306,7585.74,0.01
2025-05-28,SFTBY,SoftBank Group Corp.,Emerging Markets,Materials,217.55,7821,1701458.55,1.39
2025-05-28,RELIANCE,Reliance Industries Limited,Asia,Materials,227.34,7958,1809171.72,1.48
2025-05-28,TCS,Tata Consultancy Services Limited,Europe,Utilities,20.3,2890,58667.0,0.05
2025-05-28,INFY,Infosys Limited,Asia,Consumer Staples,237.19,5216,1237183.04,1.01
2025-05-28,HDFCBANK,HDFC Bank Limited,Others,Technology,252.86,1857,469561.02,0.38
2025-05-28,ICICIBANK,ICICI Bank Limited,Asia,Financials,72.76,6474,471048.24,0.39
2025-05-28,KOTAKBANK,Kotak Mahindra Bank Limited,Asia,Consumer Staples,210.65,3342,703992.3,0.58
2025-05-28,HINDUNILVR,Hindustan Unilever Limited,Emerging Markets,Energy,107.1,6768,724852.8,0.59
2025-05-28,BHARTIARTL,Bharti Airtel Limited,North America,Materials,43.19,3257,140669.83,0.12
2025-05-28,LT,Larsen & Toubro Limited,North America,Technology,438.77,9889,4338996.53,3.55
2025-05-28,SBIN,State Bank of India,Others,Industrials,324.24,2793,905602.32,0.74
2025-05-28,MIZHY,"Mizuho Financial Group, Inc.",Others,Health Care,231.38,3727,862353.26,0.71
2025-05-28,MUFG,"Mitsubishi UFJ Financial Group, Inc.",Asia,Financials,213.47,5550,1184758.5,0.97
2025-05-28,CVS,CVS Health Corporation,Others,Industrials,164.7,5692,937472.4,0.77
2025-05-28,ANTM,"Anthem, Inc.",Emerging Markets,Consumer Staples,162.48,7492,1217300.16,1.0
2025-05-28,CMCSA,Comcast Corporation,Asia,Health Care,137.98,1406,193999.88,0.16
2025-05-28,CSX,CSX Corporation,Europe,Health Care,217.78,5964,1298839.92,1.06
2025-05-28,SPG,"Simon Property Group, Inc.",Asia,Consumer Staples,156.17,9001,1405686.17,1.15
2025-05-28,PLD,"Prologis, Inc.",Others,Real Estate,255.51,4513,1153116.63,0.94
2025-05-28,AMGN,Amgen Inc.,Europe,Technology,113.93,763,86928.59,0.07
2025-05-28,TXN,Texas Instruments Incorporated,North America,Energy,479.36,1595,764579.2,0.63
2025-05-28,QCOM,Qualcomm Incorporated,Others,Industrials,359.95,5332,1919253.4,1.57
2025-05-28,GILD,"Gilead Sciences, Inc.",North America,Consumer Discretionary,37.04,6685,247612.4,0.2
2025-05-28,BMY,Bristol-Myers Squibb Company,Others,Financials,481.74,3681,1773284.94,1.45
2025-05-28,BIIB,Biogen Inc.,North America,Utilities,351.07,7654,2687089.78,2.2
2025-05-28,LLY,Eli Lilly and Company,Emerging Markets,Consumer Staples,154.16,3796,585191.36,0.48
2025-05-28,ABT,Abbott Laboratories,Emerging Markets,Health Care,490.53,798,391442.94,0.32
2025-05-28,MDT,Medtronic plc,Asia,Consumer Staples,308.04,4837,1489989.48,1.22
2025-05-28,EL,The Estée Lauder Companies Inc.,North America,Consumer Staples,204.11,954,194720.94,0.16
2025-05-28,GS,"The Goldman Sachs Group, Inc.",Others,Materials,141.88,7492,1062964.96,0.87
2025-05-28,MS,Morgan Stanley,Others,Consumer Staples,320.61,5349,1714942.89,1.4
2025-05-28,BBY,"Best Buy Co., Inc.",Emerging Markets,Consumer Discretionary,269.42,5891,1587153.22,1.3
2025-05-28,DELL,Dell Technologies Inc.,Emerging Markets,Materials,276.42,5031,1390669.02,1.14
2025-05-28,LRCX,Lam Research Corporation,Others,Energy,44.81,4318,193489.58,0.16
2025-05-28,AMAT,"Applied Materials, Inc.",Europe,Consumer Staples,124.13,4489,557219.57,0.46
2025-05-28,ADI,"Analog Devices, Inc.",Europe,Consumer Discretionary,186.86,3031,566372.66,0.46
2025-05-28,MU,"Micron Technology, Inc.",North America,Energy,491.66,7225,3552243.5,2.91
2025-05-28,SNPS,"Synopsys, Inc.",North America,Consumer Staples,272.02,6387,1737391.74,1.42
2025-05-28,NOW,"ServiceNow, Inc.",North America,Consumer Discretionary,416.31,9439,3929550.09,3.22
2025-05-28,D,"Dominion Energy, Inc.",North America,Technology,257.52,2611,672384.72,0.55
2025-05-28,AEP,"American Electric Power Company, Inc.",North America,Technology,25.31,759,19210.29,0.02
2025-05-28,XEL,Xcel Energy Inc.,Others,Financials,166.68,6646,1107755.28,0.91
2025-05-28,PEG,Public Service Enterprise Group Incorporated,Asia,Industrials,356.09,8438,3004687.42,2.46
2025-05-28,DUKE,Duke Energy Corporation,Asia,Consumer Discretionary,177.91,1834,326286.94,0.27
2025-05-28,SO,The Southern Company,Asia,Real Estate,92.0,3076,282992.0,0.23
